"N","min(velocity_magnitude)","q1(velocity_magnitude)","med(velocity_magnitude)","q3(velocity_magnitude)","max(velocity_magnitude)","avg(velocity_magnitude)","std(velocity_magnitude)","sum(velocity_magnitude)","min(vtkValidPointMask)","q1(vtkValidPointMask)","med(vtkValidPointMask)","q3(vtkValidPointMask)","max(vtkValidPointMask)","avg(vtkValidPointMask)","std(vtkValidPointMask)","sum(vtkValidPointMask)","min(X)","q1(X)","med(X)","q3(X)","max(X)","avg(X)","std(X)","sum(X)","min(Y)","q1(Y)","med(Y)","q3(Y)","max(Y)","avg(Y)","std(Y)","sum(Y)","min(Z)","q1(Z)","med(Z)","q3(Z)","max(Z)","avg(Z)","std(Z)","sum(Z)","vtkValidPointMask","Time"
1,0,0,0,0,0,0,0,0,1,1,1,1,1,1,0,1,416,416,416,416,416,416,0,416,128.5,128.5,128.5,128.5,128.5,128.5,0,128.5,0,0,0,0,0,0,0,0,1,0
1,2.8191e-15,2.8191e-15,2.8191e-15,2.8191e-15,2.8191e-15,2.8191e-15,0,2.8191e-15,1,1,1,1,1,1,0,1,416,416,416,416,416,416,0,416,128.5,128.5,128.5,128.5,128.5,128.5,0,128.5,0,0,0,0,0,0,0,0,1,1
1,0.027778,0.027778,0.027778,0.027778,0.027778,0.027778,0,0.027778,1,1,1,1,1,1,0,1,416,416,416,416,416,416,0,416,128.5,128.5,128.5,128.5,128.5,128.5,0,128.5,0,0,0,0,0,0,0,0,1,2
1,0.036624,0.036624,0.036624,0.036624,0.036624,0.036624,0,0.036624,1,1,1,1,1,1,0,1,416,416,416,416,416,416,0,416,128.5,128.5,128.5,128.5,128.5,128.5,0,128.5,0,0,0,0,0,0,0,0,1,3
1,0.041099,0.041099,0.041099,0.041099,0.041099,0.041099,0,0.041099,1,1,1,1,1,1,0,1,416,416,416,416,416,416,0,416,128.5,128.5,128.5,128.5,128.5,128.5,0,128.5,0,0,0,0,0,0,0,0,1,4
1,0.038307,0.038307,0.038307,0.038307,0.038307,0.038307,0,0.038307,1,1,1,1,1,1,0,1,416,416,416,416,416,416,0,416,128.5,128.5,128.5,128.5,128.5,128.5,0,128.5,0,0,0,0,0,0,0,0,1,5
1,0.028517,0.028517,0.028517,0.028517,0.028517,0.028517,0,0.028517,1,1,1,1,1,1,0,1,416,416,416,416,416,416,0,416,128.5,128.5,128.5,128.5,128.5,128.5,0,128.5,0,0,0,0,0,0,0,0,1,6
1,0.0079415,0.0079415,0.0079415,0.0079415,0.0079415,0.0079415,0,0.0079415,1,1,1,1,1,1,0,1,416,416,416,416,416,416,0,416,128.5,128.5,128.5,128.5,128.5,128.5,0,128.5,0,0,0,0,0,0,0,0,1,7
1,0.027733,0.027733,0.027733,0.027733,0.027733,0.027733,0,0.027733,1,1,1,1,1,1,0,1,416,416,416,416,416,416,0,416,128.5,128.5,128.5,128.5,128.5,128.5,0,128.5,0,0,0,0,0,0,0,0,1,8
1,0.063316,0.063316,0.063316,0.063316,0.063316,0.063316,0,0.063316,1,1,1,1,1,1,0,1,416,416,416,416,416,416,0,416,128.5,128.5,128.5,128.5,128.5,128.5,0,128.5,0,0,0,0,0,0,0,0,1,9
1,0.08367,0.08367,0.08367,0.08367,0.08367,0.08367,0,0.08367,1,1,1,1,1,1,0,1,416,416,416,416,416,416,0,416,128.5,128.5,128.5,128.5,128.5,128.5,0,128.5,0,0,0,0,0,0,0,0,1,10
1,0.094222,0.094222,0.094222,0.094222,0.094222,0.094222,0,0.094222,1,1,1,1,1,1,0,1,416,416,416,416,416,416,0,416,128.5,128.5,128.5,128.5,128.5,128.5,0,128.5,0,0,0,0,0,0,0,0,1,11
1,0.10253,0.10253,0.10253,0.10253,0.10253,0.10253,0,0.10253,1,1,1,1,1,1,0,1,416,416,416,416,416,416,0,416,128.5,128.5,128.5,128.5,128.5,128.5,0,128.5,0,0,0,0,0,0,0,0,1,12
1,0.11215,0.11215,0.11215,0.11215,0.11215,0.11215,0,0.11215,1,1,1,1,1,1,0,1,416,416,416,416,416,416,0,416,128.5,128.5,128.5,128.5,128.5,128.5,0,128.5,0,0,0,0,0,0,0,0,1,13
1,0.11551,0.11551,0.11551,0.11551,0.11551,0.11551,0,0.11551,1,1,1,1,1,1,0,1,416,416,416,416,416,416,0,416,128.5,128.5,128.5,128.5,128.5,128.5,0,128.5,0,0,0,0,0,0,0,0,1,14
1,0.11809,0.11809,0.11809,0.11809,0.11809,0.11809,0,0.11809,1,1,1,1,1,1,0,1,416,416,416,416,416,416,0,416,128.5,128.5,128.5,128.5,128.5,128.5,0,128.5,0,0,0,0,0,0,0,0,1,15
1,0.12025,0.12025,0.12025,0.12025,0.12025,0.12025,0,0.12025,1,1,1,1,1,1,0,1,416,416,416,416,416,416,0,416,128.5,128.5,128.5,128.5,128.5,128.5,0,128.5,0,0,0,0,0,0,0,0,1,16
1,0.12139,0.12139,0.12139,0.12139,0.12139,0.12139,0,0.12139,1,1,1,1,1,1,0,1,416,416,416,416,416,416,0,416,128.5,128.5,128.5,128.5,128.5,128.5,0,128.5,0,0,0,0,0,0,0,0,1,17
1,0.12046,0.12046,0.12046,0.12046,0.12046,0.12046,0,0.12046,1,1,1,1,1,1,0,1,416,416,416,416,416,416,0,416,128.5,128.5,128.5,128.5,128.5,128.5,0,128.5,0,0,0,0,0,0,0,0,1,18
1,0.11721,0.11721,0.11721,0.11721,0.11721,0.11721,0,0.11721,1,1,1,1,1,1,0,1,416,416,416,416,416,416,0,416,128.5,128.5,128.5,128.5,128.5,128.5,0,128.5,0,0,0,0,0,0,0,0,1,19
1,0.11462,0.11462,0.11462,0.11462,0.11462,0.11462,0,0.11462,1,1,1,1,1,1,0,1,416,416,416,416,416,416,0,416,128.5,128.5,128.5,128.5,128.5,128.5,0,128.5,0,0,0,0,0,0,0,0,1,20
1,0.11597,0.11597,0.11597,0.11597,0.11597,0.11597,0,0.11597,1,1,1,1,1,1,0,1,416,416,416,416,416,416,0,416,128.5,128.5,128.5,128.5,128.5,128.5,0,128.5,0,0,0,0,0,0,0,0,1,21
1,0.11948,0.11948,0.11948,0.11948,0.11948,0.11948,0,0.11948,1,1,1,1,1,1,0,1,416,416,416,416,416,416,0,416,128.5,128.5,128.5,128.5,128.5,128.5,0,128.5,0,0,0,0,0,0,0,0,1,22
1,0.11246,0.11246,0.11246,0.11246,0.11246,0.11246,0,0.11246,1,1,1,1,1,1,0,1,416,416,416,416,416,416,0,416,128.5,128.5,128.5,128.5,128.5,128.5,0,128.5,0,0,0,0,0,0,0,0,1,23
1,0.093574,0.093574,0.093574,0.093574,0.093574,0.093574,0,0.093574,1,1,1,1,1,1,0,1,416,416,416,416,416,416,0,416,128.5,128.5,128.5,128.5,128.5,128.5,0,128.5,0,0,0,0,0,0,0,0,1,24
1,0.083452,0.083452,0.083452,0.083452,0.083452,0.083452,0,0.083452,1,1,1,1,1,1,0,1,416,416,416,416,416,416,0,416,128.5,128.5,128.5,128.5,128.5,128.5,0,128.5,0,0,0,0,0,0,0,0,1,25
1,0.099492,0.099492,0.099492,0.099492,0.099492,0.099492,0,0.099492,1,1,1,1,1,1,0,1,416,416,416,416,416,416,0,416,128.5,128.5,128.5,128.5,128.5,128.5,0,128.5,0,0,0,0,0,0,0,0,1,26
1,0.10765,0.10765,0.10765,0.10765,0.10765,0.10765,0,0.10765,1,1,1,1,1,1,0,1,416,416,416,416,416,416,0,416,128.5,128.5,128.5,128.5,128.5,128.5,0,128.5,0,0,0,0,0,0,0,0,1,27
1,0.03882,0.03882,0.03882,0.03882,0.03882,0.03882,0,0.03882,1,1,1,1,1,1,0,1,416,416,416,416,416,416,0,416,128.5,128.5,128.5,128.5,128.5,128.5,0,128.5,0,0,0,0,0,0,0,0,1,28
1,0.023257,0.023257,0.023257,0.023257,0.023257,0.023257,0,0.023257,1,1,1,1,1,1,0,1,416,416,416,416,416,416,0,416,128.5,128.5,128.5,128.5,128.5,128.5,0,128.5,0,0,0,0,0,0,0,0,1,29
1,0.10651,0.10651,0.10651,0.10651,0.10651,0.10651,0,0.10651,1,1,1,1,1,1,0,1,416,416,416,416,416,416,0,416,128.5,128.5,128.5,128.5,128.5,128.5,0,128.5,0,0,0,0,0,0,0,0,1,30
1,0.12973,0.12973,0.12973,0.12973,0.12973,0.12973,0,0.12973,1,1,1,1,1,1,0,1,416,416,416,416,416,416,0,416,128.5,128.5,128.5,128.5,128.5,128.5,0,128.5,0,0,0,0,0,0,0,0,1,31
1,0.099825,0.099825,0.099825,0.099825,0.099825,0.099825,0,0.099825,1,1,1,1,1,1,0,1,416,416,416,416,416,416,0,416,128.5,128.5,128.5,128.5,128.5,128.5,0,128.5,0,0,0,0,0,0,0,0,1,32
1,0.084426,0.084426,0.084426,0.084426,0.084426,0.084426,0,0.084426,1,1,1,1,1,1,0,1,416,416,416,416,416,416,0,416,128.5,128.5,128.5,128.5,128.5,128.5,0,128.5,0,0,0,0,0,0,0,0,1,33
1,0.11734,0.11734,0.11734,0.11734,0.11734,0.11734,0,0.11734,1,1,1,1,1,1,0,1,416,416,416,416,416,416,0,416,128.5,128.5,128.5,128.5,128.5,128.5,0,128.5,0,0,0,0,0,0,0,0,1,34
1,0.076714,0.076714,0.076714,0.076714,0.076714,0.076714,0,0.076714,1,1,1,1,1,1,0,1,416,416,416,416,416,416,0,416,128.5,128.5,128.5,128.5,128.5,128.5,0,128.5,0,0,0,0,0,0,0,0,1,35
1,0.089656,0.089656,0.089656,0.089656,0.089656,0.089656,0,0.089656,1,1,1,1,1,1,0,1,416,416,416,416,416,416,0,416,128.5,128.5,128.5,128.5,128.5,128.5,0,128.5,0,0,0,0,0,0,0,0,1,36
1,0.13095,0.13095,0.13095,0.13095,0.13095,0.13095,0,0.13095,1,1,1,1,1,1,0,1,416,416,416,416,416,416,0,416,128.5,128.5,128.5,128.5,128.5,128.5,0,128.5,0,0,0,0,0,0,0,0,1,37
1,0.12327,0.12327,0.12327,0.12327,0.12327,0.12327,0,0.12327,1,1,1,1,1,1,0,1,416,416,416,416,416,416,0,416,128.5,128.5,128.5,128.5,128.5,128.5,0,128.5,0,0,0,0,0,0,0,0,1,38
1,0.11735,0.11735,0.11735,0.11735,0.11735,0.11735,0,0.11735,1,1,1,1,1,1,0,1,416,416,416,416,416,416,0,416,128.5,128.5,128.5,128.5,128.5,128.5,0,128.5,0,0,0,0,0,0,0,0,1,39
1,0.12678,0.12678,0.12678,0.12678,0.12678,0.12678,0,0.12678,1,1,1,1,1,1,0,1,416,416,416,416,416,416,0,416,128.5,128.5,128.5,128.5,128.5,128.5,0,128.5,0,0,0,0,0,0,0,0,1,40
1,0.095623,0.095623,0.095623,0.095623,0.095623,0.095623,0,0.095623,1,1,1,1,1,1,0,1,416,416,416,416,416,416,0,416,128.5,128.5,128.5,128.5,128.5,128.5,0,128.5,0,0,0,0,0,0,0,0,1,41
1,0.10979,0.10979,0.10979,0.10979,0.10979,0.10979,0,0.10979,1,1,1,1,1,1,0,1,416,416,416,416,416,416,0,416,128.5,128.5,128.5,128.5,128.5,128.5,0,128.5,0,0,0,0,0,0,0,0,1,42
1,0.13079,0.13079,0.13079,0.13079,0.13079,0.13079,0,0.13079,1,1,1,1,1,1,0,1,416,416,416,416,416,416,0,416,128.5,128.5,128.5,128.5,128.5,128.5,0,128.5,0,0,0,0,0,0,0,0,1,43
1,0.10616,0.10616,0.10616,0.10616,0.10616,0.10616,0,0.10616,1,1,1,1,1,1,0,1,416,416,416,416,416,416,0,416,128.5,128.5,128.5,128.5,128.5,128.5,0,128.5,0,0,0,0,0,0,0,0,1,44
1,0.12389,0.12389,0.12389,0.12389,0.12389,0.12389,0,0.12389,1,1,1,1,1,1,0,1,416,416,416,416,416,416,0,416,128.5,128.5,128.5,128.5,128.5,128.5,0,128.5,0,0,0,0,0,0,0,0,1,45
1,0.13167,0.13167,0.13167,0.13167,0.13167,0.13167,0,0.13167,1,1,1,1,1,1,0,1,416,416,416,416,416,416,0,416,128.5,128.5,128.5,128.5,128.5,128.5,0,128.5,0,0,0,0,0,0,0,0,1,46
1,0.097906,0.097906,0.097906,0.097906,0.097906,0.097906,0,0.097906,1,1,1,1,1,1,0,1,416,416,416,416,416,416,0,416,128.5,128.5,128.5,128.5,128.5,128.5,0,128.5,0,0,0,0,0,0,0,0,1,47
1,0.10897,0.10897,0.10897,0.10897,0.10897,0.10897,0,0.10897,1,1,1,1,1,1,0,1,416,416,416,416,416,416,0,416,128.5,128.5,128.5,128.5,128.5,128.5,0,128.5,0,0,0,0,0,0,0,0,1,48
1,0.12761,0.12761,0.12761,0.12761,0.12761,0.12761,0,0.12761,1,1,1,1,1,1,0,1,416,416,416,416,416,416,0,416,128.5,128.5,128.5,128.5,128.5,128.5,0,128.5,0,0,0,0,0,0,0,0,1,49
1,0.083122,0.083122,0.083122,0.083122,0.083122,0.083122,0,0.083122,1,1,1,1,1,1,0,1,416,416,416,416,416,416,0,416,128.5,128.5,128.5,128.5,128.5,128.5,0,128.5,0,0,0,0,0,0,0,0,1,50
1,0.12017,0.12017,0.12017,0.12017,0.12017,0.12017,0,0.12017,1,1,1,1,1,1,0,1,416,416,416,416,416,416,0,416,128.5,128.5,128.5,128.5,128.5,128.5,0,128.5,0,0,0,0,0,0,0,0,1,51
1,0.13305,0.13305,0.13305,0.13305,0.13305,0.13305,0,0.13305,1,1,1,1,1,1,0,1,416,416,416,416,416,416,0,416,128.5,128.5,128.5,128.5,128.5,128.5,0,128.5,0,0,0,0,0,0,0,0,1,52
1,0.094151,0.094151,0.094151,0.094151,0.094151,0.094151,0,0.094151,1,1,1,1,1,1,0,1,416,416,416,416,416,416,0,416,128.5,128.5,128.5,128.5,128.5,128.5,0,128.5,0,0,0,0,0,0,0,0,1,53
1,0.11604,0.11604,0.11604,0.11604,0.11604,0.11604,0,0.11604,1,1,1,1,1,1,0,1,416,416,416,416,416,416,0,416,128.5,128.5,128.5,128.5,128.5,128.5,0,128.5,0,0,0,0,0,0,0,0,1,54
1,0.12888,0.12888,0.12888,0.12888,0.12888,0.12888,0,0.12888,1,1,1,1,1,1,0,1,416,416,416,416,416,416,0,416,128.5,128.5,128.5,128.5,128.5,128.5,0,128.5,0,0,0,0,0,0,0,0,1,55
1,0.076632,0.076632,0.076632,0.076632,0.076632,0.076632,0,0.076632,1,1,1,1,1,1,0,1,416,416,416,416,416,416,0,416,128.5,128.5,128.5,128.5,128.5,128.5,0,128.5,0,0,0,0,0,0,0,0,1,56
1,0.11764,0.11764,0.11764,0.11764,0.11764,0.11764,0,0.11764,1,1,1,1,1,1,0,1,416,416,416,416,416,416,0,416,128.5,128.5,128.5,128.5,128.5,128.5,0,128.5,0,0,0,0,0,0,0,0,1,57
1,0.13549,0.13549,0.13549,0.13549,0.13549,0.13549,0,0.13549,1,1,1,1,1,1,0,1,416,416,416,416,416,416,0,416,128.5,128.5,128.5,128.5,128.5,128.5,0,128.5,0,0,0,0,0,0,0,0,1,58
1,0.087874,0.087874,0.087874,0.087874,0.087874,0.087874,0,0.087874,1,1,1,1,1,1,0,1,416,416,416,416,416,416,0,416,128.5,128.5,128.5,128.5,128.5,128.5,0,128.5,0,0,0,0,0,0,0,0,1,59
1,0.12369,0.12369,0.12369,0.12369,0.12369,0.12369,0,0.12369,1,1,1,1,1,1,0,1,416,416,416,416,416,416,0,416,128.5,128.5,128.5,128.5,128.5,128.5,0,128.5,0,0,0,0,0,0,0,0,1,60
1,0.13184,0.13184,0.13184,0.13184,0.13184,0.13184,0,0.13184,1,1,1,1,1,1,0,1,416,416,416,416,416,416,0,416,128.5,128.5,128.5,128.5,128.5,128.5,0,128.5,0,0,0,0,0,0,0,0,1,61
1,0.073182,0.073182,0.073182,0.073182,0.073182,0.073182,0,0.073182,1,1,1,1,1,1,0,1,416,416,416,416,416,416,0,416,128.5,128.5,128.5,128.5,128.5,128.5,0,128.5,0,0,0,0,0,0,0,0,1,62
1,0.11555,0.11555,0.11555,0.11555,0.11555,0.11555,0,0.11555,1,1,1,1,1,1,0,1,416,416,416,416,416,416,0,416,128.5,128.5,128.5,128.5,128.5,128.5,0,128.5,0,0,0,0,0,0,0,0,1,63
1,0.13828,0.13828,0.13828,0.13828,0.13828,0.13828,0,0.13828,1,1,1,1,1,1,0,1,416,416,416,416,416,416,0,416,128.5,128.5,128.5,128.5,128.5,128.5,0,128.5,0,0,0,0,0,0,0,0,1,64
1,0.063218,0.063218,0.063218,0.063218,0.063218,0.063218,0,0.063218,1,1,1,1,1,1,0,1,416,416,416,416,416,416,0,416,128.5,128.5,128.5,128.5,128.5,128.5,0,128.5,0,0,0,0,0,0,0,0,1,65
1,0.12563,0.12563,0.12563,0.12563,0.12563,0.12563,0,0.12563,1,1,1,1,1,1,0,1,416,416,416,416,416,416,0,416,128.5,128.5,128.5,128.5,128.5,128.5,0,128.5,0,0,0,0,0,0,0,0,1,66
1,0.13828,0.13828,0.13828,0.13828,0.13828,0.13828,0,0.13828,1,1,1,1,1,1,0,1,416,416,416,416,416,416,0,416,128.5,128.5,128.5,128.5,128.5,128.5,0,128.5,0,0,0,0,0,0,0,0,1,67
1,0.059119,0.059119,0.059119,0.059119,0.059119,0.059119,0,0.059119,1,1,1,1,1,1,0,1,416,416,416,416,416,416,0,416,128.5,128.5,128.5,128.5,128.5,128.5,0,128.5,0,0,0,0,0,0,0,0,1,68
1,0.1167,0.1167,0.1167,0.1167,0.1167,0.1167,0,0.1167,1,1,1,1,1,1,0,1,416,416,416,416,416,416,0,416,128.5,128.5,128.5,128.5,128.5,128.5,0,128.5,0,0,0,0,0,0,0,0,1,69
1,0.14239,0.14239,0.14239,0.14239,0.14239,0.14239,0,0.14239,1,1,1,1,1,1,0,1,416,416,416,416,416,416,0,416,128.5,128.5,128.5,128.5,128.5,128.5,0,128.5,0,0,0,0,0,0,0,0,1,70
1,0.041074,0.041074,0.041074,0.041074,0.041074,0.041074,0,0.041074,1,1,1,1,1,1,0,1,416,416,416,416,416,416,0,416,128.5,128.5,128.5,128.5,128.5,128.5,0,128.5,0,0,0,0,0,0,0,0,1,71
1,0.12529,0.12529,0.12529,0.12529,0.12529,0.12529,0,0.12529,1,1,1,1,1,1,0,1,416,416,416,416,416,416,0,416,128.5,128.5,128.5,128.5,128.5,128.5,0,128.5,0,0,0,0,0,0,0,0,1,72
1,0.14768,0.14768,0.14768,0.14768,0.14768,0.14768,0,0.14768,1,1,1,1,1,1,0,1,416,416,416,416,416,416,0,416,128.5,128.5,128.5,128.5,128.5,128.5,0,128.5,0,0,0,0,0,0,0,0,1,73
1,0.075913,0.075913,0.075913,0.075913,0.075913,0.075913,0,0.075913,1,1,1,1,1,1,0,1,416,416,416,416,416,416,0,416,128.5,128.5,128.5,128.5,128.5,128.5,0,128.5,0,0,0,0,0,0,0,0,1,74
1,0.12026,0.12026,0.12026,0.12026,0.12026,0.12026,0,0.12026,1,1,1,1,1,1,0,1,416,416,416,416,416,416,0,416,128.5,128.5,128.5,128.5,128.5,128.5,0,128.5,0,0,0,0,0,0,0,0,1,75
1,0.13371,0.13371,0.13371,0.13371,0.13371,0.13371,0,0.13371,1,1,1,1,1,1,0,1,416,416,416,416,416,416,0,416,128.5,128.5,128.5,128.5,128.5,128.5,0,128.5,0,0,0,0,0,0,0,0,1,76
1,0.065146,0.065146,0.065146,0.065146,0.065146,0.065146,0,0.065146,1,1,1,1,1,1,0,1,416,416,416,416,416,416,0,416,128.5,128.5,128.5,128.5,128.5,128.5,0,128.5,0,0,0,0,0,0,0,0,1,77
1,0.12772,0.12772,0.12772,0.12772,0.12772,0.12772,0,0.12772,1,1,1,1,1,1,0,1,416,416,416,416,416,416,0,416,128.5,128.5,128.5,128.5,128.5,128.5,0,128.5,0,0,0,0,0,0,0,0,1,78
1,0.13976,0.13976,0.13976,0.13976,0.13976,0.13976,0,0.13976,1,1,1,1,1,1,0,1,416,416,416,416,416,416,0,416,128.5,128.5,128.5,128.5,128.5,128.5,0,128.5,0,0,0,0,0,0,0,0,1,79
1,0.11381,0.11381,0.11381,0.11381,0.11381,0.11381,0,0.11381,1,1,1,1,1,1,0,1,416,416,416,416,416,416,0,416,128.5,128.5,128.5,128.5,128.5,128.5,0,128.5,0,0,0,0,0,0,0,0,1,80
1,0.12831,0.12831,0.12831,0.12831,0.12831,0.12831,0,0.12831,1,1,1,1,1,1,0,1,416,416,416,416,416,416,0,416,128.5,128.5,128.5,128.5,128.5,128.5,0,128.5,0,0,0,0,0,0,0,0,1,81
1,0.10489,0.10489,0.10489,0.10489,0.10489,0.10489,0,0.10489,1,1,1,1,1,1,0,1,416,416,416,416,416,416,0,416,128.5,128.5,128.5,128.5,128.5,128.5,0,128.5,0,0,0,0,0,0,0,0,1,82
1,0.11434,0.11434,0.11434,0.11434,0.11434,0.11434,0,0.11434,1,1,1,1,1,1,0,1,416,416,416,416,416,416,0,416,128.5,128.5,128.5,128.5,128.5,128.5,0,128.5,0,0,0,0,0,0,0,0,1,83
1,0.13198,0.13198,0.13198,0.13198,0.13198,0.13198,0,0.13198,1,1,1,1,1,1,0,1,416,416,416,416,416,416,0,416,128.5,128.5,128.5,128.5,128.5,128.5,0,128.5,0,0,0,0,0,0,0,0,1,84
1,0.098958,0.098958,0.098958,0.098958,0.098958,0.098958,0,0.098958,1,1,1,1,1,1,0,1,416,416,416,416,416,416,0,416,128.5,128.5,128.5,128.5,128.5,128.5,0,128.5,0,0,0,0,0,0,0,0,1,85
1,0.12795,0.12795,0.12795,0.12795,0.12795,0.12795,0,0.12795,1,1,1,1,1,1,0,1,416,416,416,416,416,416,0,416,128.5,128.5,128.5,128.5,128.5,128.5,0,128.5,0,0,0,0,0,0,0,0,1,86
1,0.13332,0.13332,0.13332,0.13332,0.13332,0.13332,0,0.13332,1,1,1,1,1,1,0,1,416,416,416,416,416,416,0,416,128.5,128.5,128.5,128.5,128.5,128.5,0,128.5,0,0,0,0,0,0,0,0,1,87
1,0.084952,0.084952,0.084952,0.084952,0.084952,0.084952,0,0.084952,1,1,1,1,1,1,0,1,416,416,416,416,416,416,0,416,128.5,128.5,128.5,128.5,128.5,128.5,0,128.5,0,0,0,0,0,0,0,0,1,88
1,0.11221,0.11221,0.11221,0.11221,0.11221,0.11221,0,0.11221,1,1,1,1,1,1,0,1,416,416,416,416,416,416,0,416,128.5,128.5,128.5,128.5,128.5,128.5,0,128.5,0,0,0,0,0,0,0,0,1,89
1,0.13218,0.13218,0.13218,0.13218,0.13218,0.13218,0,0.13218,1,1,1,1,1,1,0,1,416,416,416,416,416,416,0,416,128.5,128.5,128.5,128.5,128.5,128.5,0,128.5,0,0,0,0,0,0,0,0,1,90
1,0.074948,0.074948,0.074948,0.074948,0.074948,0.074948,0,0.074948,1,1,1,1,1,1,0,1,416,416,416,416,416,416,0,416,128.5,128.5,128.5,128.5,128.5,128.5,0,128.5,0,0,0,0,0,0,0,0,1,91
1,0.12402,0.12402,0.12402,0.12402,0.12402,0.12402,0,0.12402,1,1,1,1,1,1,0,1,416,416,416,416,416,416,0,416,128.5,128.5,128.5,128.5,128.5,128.5,0,128.5,0,0,0,0,0,0,0,0,1,92
1,0.13383,0.13383,0.13383,0.13383,0.13383,0.13383,0,0.13383,1,1,1,1,1,1,0,1,416,416,416,416,416,416,0,416,128.5,128.5,128.5,128.5,128.5,128.5,0,128.5,0,0,0,0,0,0,0,0,1,93
1,0.087056,0.087056,0.087056,0.087056,0.087056,0.087056,0,0.087056,1,1,1,1,1,1,0,1,416,416,416,416,416,416,0,416,128.5,128.5,128.5,128.5,128.5,128.5,0,128.5,0,0,0,0,0,0,0,0,1,94
1,0.11226,0.11226,0.11226,0.11226,0.11226,0.11226,0,0.11226,1,1,1,1,1,1,0,1,416,416,416,416,416,416,0,416,128.5,128.5,128.5,128.5,128.5,128.5,0,128.5,0,0,0,0,0,0,0,0,1,95
1,0.12677,0.12677,0.12677,0.12677,0.12677,0.12677,0,0.12677,1,1,1,1,1,1,0,1,416,416,416,416,416,416,0,416,128.5,128.5,128.5,128.5,128.5,128.5,0,128.5,0,0,0,0,0,0,0,0,1,96
1,0.075229,0.075229,0.075229,0.075229,0.075229,0.075229,0,0.075229,1,1,1,1,1,1,0,1,416,416,416,416,416,416,0,416,128.5,128.5,128.5,128.5,128.5,128.5,0,128.5,0,0,0,0,0,0,0,0,1,97
1,0.1172,0.1172,0.1172,0.1172,0.1172,0.1172,0,0.1172,1,1,1,1,1,1,0,1,416,416,416,416,416,416,0,416,128.5,128.5,128.5,128.5,128.5,128.5,0,128.5,0,0,0,0,0,0,0,0,1,98
1,0.13243,0.13243,0.13243,0.13243,0.13243,0.13243,0,0.13243,1,1,1,1,1,1,0,1,416,416,416,416,416,416,0,416,128.5,128.5,128.5,128.5,128.5,128.5,0,128.5,0,0,0,0,0,0,0,0,1,99
1,0.089292,0.089292,0.089292,0.089292,0.089292,0.089292,0,0.089292,1,1,1,1,1,1,0,1,416,416,416,416,416,416,0,416,128.5,128.5,128.5,128.5,128.5,128.5,0,128.5,0,0,0,0,0,0,0,0,1,100
1,0.11957,0.11957,0.11957,0.11957,0.11957,0.11957,0,0.11957,1,1,1,1,1,1,0,1,416,416,416,416,416,416,0,416,128.5,128.5,128.5,128.5,128.5,128.5,0,128.5,0,0,0,0,0,0,0,0,1,101
1,0.12871,0.12871,0.12871,0.12871,0.12871,0.12871,0,0.12871,1,1,1,1,1,1,0,1,416,416,416,416,416,416,0,416,128.5,128.5,128.5,128.5,128.5,128.5,0,128.5,0,0,0,0,0,0,0,0,1,102
1,0.080779,0.080779,0.080779,0.080779,0.080779,0.080779,0,0.080779,1,1,1,1,1,1,0,1,416,416,416,416,416,416,0,416,128.5,128.5,128.5,128.5,128.5,128.5,0,128.5,0,0,0,0,0,0,0,0,1,103
1,0.11472,0.11472,0.11472,0.11472,0.11472,0.11472,0,0.11472,1,1,1,1,1,1,0,1,416,416,416,416,416,416,0,416,128.5,128.5,128.5,128.5,128.5,128.5,0,128.5,0,0,0,0,0,0,0,0,1,104
1,0.13405,0.13405,0.13405,0.13405,0.13405,0.13405,0,0.13405,1,1,1,1,1,1,0,1,416,416,416,416,416,416,0,416,128.5,128.5,128.5,128.5,128.5,128.5,0,128.5,0,0,0,0,0,0,0,0,1,105
1,0.079576,0.079576,0.079576,0.079576,0.079576,0.079576,0,0.079576,1,1,1,1,1,1,0,1,416,416,416,416,416,416,0,416,128.5,128.5,128.5,128.5,128.5,128.5,0,128.5,0,0,0,0,0,0,0,0,1,106
1,0.12536,0.12536,0.12536,0.12536,0.12536,0.12536,0,0.12536,1,1,1,1,1,1,0,1,416,416,416,416,416,416,0,416,128.5,128.5,128.5,128.5,128.5,128.5,0,128.5,0,0,0,0,0,0,0,0,1,107
1,0.1332,0.1332,0.1332,0.1332,0.1332,0.1332,0,0.1332,1,1,1,1,1,1,0,1,416,416,416,416,416,416,0,416,128.5,128.5,128.5,128.5,128.5,128.5,0,128.5,0,0,0,0,0,0,0,0,1,108
1,0.070712,0.070712,0.070712,0.070712,0.070712,0.070712,0,0.070712,1,1,1,1,1,1,0,1,416,416,416,416,416,416,0,416,128.5,128.5,128.5,128.5,128.5,128.5,0,128.5,0,0,0,0,0,0,0,0,1,109
1,0.11541,0.11541,0.11541,0.11541,0.11541,0.11541,0,0.11541,1,1,1,1,1,1,0,1,416,416,416,416,416,416,0,416,128.5,128.5,128.5,128.5,128.5,128.5,0,128.5,0,0,0,0,0,0,0,0,1,110
1,0.13921,0.13921,0.13921,0.13921,0.13921,0.13921,0,0.13921,1,1,1,1,1,1,0,1,416,416,416,416,416,416,0,416,128.5,128.5,128.5,128.5,128.5,128.5,0,128.5,0,0,0,0,0,0,0,0,1,111
1,0.056317,0.056317,0.056317,0.056317,0.056317,0.056317,0,0.056317,1,1,1,1,1,1,0,1,416,416,416,416,416,416,0,416,128.5,128.5,128.5,128.5,128.5,128.5,0,128.5,0,0,0,0,0,0,0,0,1,112
1,0.12473,0.12473,0.12473,0.12473,0.12473,0.12473,0,0.12473,1,1,1,1,1,1,0,1,416,416,416,416,416,416,0,416,128.5,128.5,128.5,128.5,128.5,128.5,0,128.5,0,0,0,0,0,0,0,0,1,113
1,0.13948,0.13948,0.13948,0.13948,0.13948,0.13948,0,0.13948,1,1,1,1,1,1,0,1,416,416,416,416,416,416,0,416,128.5,128.5,128.5,128.5,128.5,128.5,0,128.5,0,0,0,0,0,0,0,0,1,114
1,0.059831,0.059831,0.059831,0.059831,0.059831,0.059831,0,0.059831,1,1,1,1,1,1,0,1,416,416,416,416,416,416,0,416,128.5,128.5,128.5,128.5,128.5,128.5,0,128.5,0,0,0,0,0,0,0,0,1,115
1,0.11719,0.11719,0.11719,0.11719,0.11719,0.11719,0,0.11719,1,1,1,1,1,1,0,1,416,416,416,416,416,416,0,416,128.5,128.5,128.5,128.5,128.5,128.5,0,128.5,0,0,0,0,0,0,0,0,1,116
1,0.14031,0.14031,0.14031,0.14031,0.14031,0.14031,0,0.14031,1,1,1,1,1,1,0,1,416,416,416,416,416,416,0,416,128.5,128.5,128.5,128.5,128.5,128.5,0,128.5,0,0,0,0,0,0,0,0,1,117
1,0.041876,0.041876,0.041876,0.041876,0.041876,0.041876,0,0.041876,1,1,1,1,1,1,0,1,416,416,416,416,416,416,0,416,128.5,128.5,128.5,128.5,128.5,128.5,0,128.5,0,0,0,0,0,0,0,0,1,118
1,0.12303,0.12303,0.12303,0.12303,0.12303,0.12303,0,0.12303,1,1,1,1,1,1,0,1,416,416,416,416,416,416,0,416,128.5,128.5,128.5,128.5,128.5,128.5,0,128.5,0,0,0,0,0,0,0,0,1,119
1,0.14323,0.14323,0.14323,0.14323,0.14323,0.14323,0,0.14323,1,1,1,1,1,1,0,1,416,416,416,416,416,416,0,416,128.5,128.5,128.5,128.5,128.5,128.5,0,128.5,0,0,0,0,0,0,0,0,1,120
1,0.059927,0.059927,0.059927,0.059927,0.059927,0.059927,0,0.059927,1,1,1,1,1,1,0,1,416,416,416,416,416,416,0,416,128.5,128.5,128.5,128.5,128.5,128.5,0,128.5,0,0,0,0,0,0,0,0,1,121
1,0.11808,0.11808,0.11808,0.11808,0.11808,0.11808,0,0.11808,1,1,1,1,1,1,0,1,416,416,416,416,416,416,0,416,128.5,128.5,128.5,128.5,128.5,128.5,0,128.5,0,0,0,0,0,0,0,0,1,122
1,0.13754,0.13754,0.13754,0.13754,0.13754,0.13754,0,0.13754,1,1,1,1,1,1,0,1,416,416,416,416,416,416,0,416,128.5,128.5,128.5,128.5,128.5,128.5,0,128.5,0,0,0,0,0,0,0,0,1,123
1,0.044436,0.044436,0.044436,0.044436,0.044436,0.044436,0,0.044436,1,1,1,1,1,1,0,1,416,416,416,416,416,416,0,416,128.5,128.5,128.5,128.5,128.5,128.5,0,128.5,0,0,0,0,0,0,0,0,1,124
1,0.11895,0.11895,0.11895,0.11895,0.11895,0.11895,0,0.11895,1,1,1,1,1,1,0,1,416,416,416,416,416,416,0,416,128.5,128.5,128.5,128.5,128.5,128.5,0,128.5,0,0,0,0,0,0,0,0,1,125
1,0.14071,0.14071,0.14071,0.14071,0.14071,0.14071,0,0.14071,1,1,1,1,1,1,0,1,416,416,416,416,416,416,0,416,128.5,128.5,128.5,128.5,128.5,128.5,0,128.5,0,0,0,0,0,0,0,0,1,126
1,0.060044,0.060044,0.060044,0.060044,0.060044,0.060044,0,0.060044,1,1,1,1,1,1,0,1,416,416,416,416,416,416,0,416,128.5,128.5,128.5,128.5,128.5,128.5,0,128.5,0,0,0,0,0,0,0,0,1,127
1,0.12046,0.12046,0.12046,0.12046,0.12046,0.12046,0,0.12046,1,1,1,1,1,1,0,1,416,416,416,416,416,416,0,416,128.5,128.5,128.5,128.5,128.5,128.5,0,128.5,0,0,0,0,0,0,0,0,1,128
1,0.13441,0.13441,0.13441,0.13441,0.13441,0.13441,0,0.13441,1,1,1,1,1,1,0,1,416,416,416,416,416,416,0,416,128.5,128.5,128.5,128.5,128.5,128.5,0,128.5,0,0,0,0,0,0,0,0,1,129
1,0.050725,0.050725,0.050725,0.050725,0.050725,0.050725,0,0.050725,1,1,1,1,1,1,0,1,416,416,416,416,416,416,0,416,128.5,128.5,128.5,128.5,128.5,128.5,0,128.5,0,0,0,0,0,0,0,0,1,130
1,0.1163,0.1163,0.1163,0.1163,0.1163,0.1163,0,0.1163,1,1,1,1,1,1,0,1,416,416,416,416,416,416,0,416,128.5,128.5,128.5,128.5,128.5,128.5,0,128.5,0,0,0,0,0,0,0,0,1,131
1,0.1412,0.1412,0.1412,0.1412,0.1412,0.1412,0,0.1412,1,1,1,1,1,1,0,1,416,416,416,416,416,416,0,416,128.5,128.5,128.5,128.5,128.5,128.5,0,128.5,0,0,0,0,0,0,0,0,1,132
1,0.055424,0.055424,0.055424,0.055424,0.055424,0.055424,0,0.055424,1,1,1,1,1,1,0,1,416,416,416,416,416,416,0,416,128.5,128.5,128.5,128.5,128.5,128.5,0,128.5,0,0,0,0,0,0,0,0,1,133
1,0.12296,0.12296,0.12296,0.12296,0.12296,0.12296,0,0.12296,1,1,1,1,1,1,0,1,416,416,416,416,416,416,0,416,128.5,128.5,128.5,128.5,128.5,128.5,0,128.5,0,0,0,0,0,0,0,0,1,134
1,0.13773,0.13773,0.13773,0.13773,0.13773,0.13773,0,0.13773,1,1,1,1,1,1,0,1,416,416,416,416,416,416,0,416,128.5,128.5,128.5,128.5,128.5,128.5,0,128.5,0,0,0,0,0,0,0,0,1,135
1,0.052289,0.052289,0.052289,0.052289,0.052289,0.052289,0,0.052289,1,1,1,1,1,1,0,1,416,416,416,416,416,416,0,416,128.5,128.5,128.5,128.5,128.5,128.5,0,128.5,0,0,0,0,0,0,0,0,1,136
1,0.11853,0.11853,0.11853,0.11853,0.11853,0.11853,0,0.11853,1,1,1,1,1,1,0,1,416,416,416,416,416,416,0,416,128.5,128.5,128.5,128.5,128.5,128.5,0,128.5,0,0,0,0,0,0,0,0,1,137
1,0.14516,0.14516,0.14516,0.14516,0.14516,0.14516,0,0.14516,1,1,1,1,1,1,0,1,416,416,416,416,416,416,0,416,128.5,128.5,128.5,128.5,128.5,128.5,0,128.5,0,0,0,0,0,0,0,0,1,138
1,0.048735,0.048735,0.048735,0.048735,0.048735,0.048735,0,0.048735,1,1,1,1,1,1,0,1,416,416,416,416,416,416,0,416,128.5,128.5,128.5,128.5,128.5,128.5,0,128.5,0,0,0,0,0,0,0,0,1,139
1,0.12542,0.12542,0.12542,0.12542,0.12542,0.12542,0,0.12542,1,1,1,1,1,1,0,1,416,416,416,416,416,416,0,416,128.5,128.5,128.5,128.5,128.5,128.5,0,128.5,0,0,0,0,0,0,0,0,1,140
1,0.14627,0.14627,0.14627,0.14627,0.14627,0.14627,0,0.14627,1,1,1,1,1,1,0,1,416,416,416,416,416,416,0,416,128.5,128.5,128.5,128.5,128.5,128.5,0,128.5,0,0,0,0,0,0,0,0,1,141
1,0.069795,0.069795,0.069795,0.069795,0.069795,0.069795,0,0.069795,1,1,1,1,1,1,0,1,416,416,416,416,416,416,0,416,128.5,128.5,128.5,128.5,128.5,128.5,0,128.5,0,0,0,0,0,0,0,0,1,142
1,0.12302,0.12302,0.12302,0.12302,0.12302,0.12302,0,0.12302,1,1,1,1,1,1,0,1,416,416,416,416,416,416,0,416,128.5,128.5,128.5,128.5,128.5,128.5,0,128.5,0,0,0,0,0,0,0,0,1,143
1,0.1419,0.1419,0.1419,0.1419,0.1419,0.1419,0,0.1419,1,1,1,1,1,1,0,1,416,416,416,416,416,416,0,416,128.5,128.5,128.5,128.5,128.5,128.5,0,128.5,0,0,0,0,0,0,0,0,1,144
1,0.059776,0.059776,0.059776,0.059776,0.059776,0.059776,0,0.059776,1,1,1,1,1,1,0,1,416,416,416,416,416,416,0,416,128.5,128.5,128.5,128.5,128.5,128.5,0,128.5,0,0,0,0,0,0,0,0,1,145
1,0.12551,0.12551,0.12551,0.12551,0.12551,0.12551,0,0.12551,1,1,1,1,1,1,0,1,416,416,416,416,416,416,0,416,128.5,128.5,128.5,128.5,128.5,128.5,0,128.5,0,0,0,0,0,0,0,0,1,146
1,0.14519,0.14519,0.14519,0.14519,0.14519,0.14519,0,0.14519,1,1,1,1,1,1,0,1,416,416,416,416,416,416,0,416,128.5,128.5,128.5,128.5,128.5,128.5,0,128.5,0,0,0,0,0,0,0,0,1,147
1,0.078422,0.078422,0.078422,0.078422,0.078422,0.078422,0,0.078422,1,1,1,1,1,1,0,1,416,416,416,416,416,416,0,416,128.5,128.5,128.5,128.5,128.5,128.5,0,128.5,0,0,0,0,0,0,0,0,1,148
1,0.12108,0.12108,0.12108,0.12108,0.12108,0.12108,0,0.12108,1,1,1,1,1,1,0,1,416,416,416,416,416,416,0,416,128.5,128.5,128.5,128.5,128.5,128.5,0,128.5,0,0,0,0,0,0,0,0,1,149
1,0.14035,0.14035,0.14035,0.14035,0.14035,0.14035,0,0.14035,1,1,1,1,1,1,0,1,416,416,416,416,416,416,0,416,128.5,128.5,128.5,128.5,128.5,128.5,0,128.5,0,0,0,0,0,0,0,0,1,150
1,0.050365,0.050365,0.050365,0.050365,0.050365,0.050365,0,0.050365,1,1,1,1,1,1,0,1,416,416,416,416,416,416,0,416,128.5,128.5,128.5,128.5,128.5,128.5,0,128.5,0,0,0,0,0,0,0,0,1,151
1,0.12035,0.12035,0.12035,0.12035,0.12035,0.12035,0,0.12035,1,1,1,1,1,1,0,1,416,416,416,416,416,416,0,416,128.5,128.5,128.5,128.5,128.5,128.5,0,128.5,0,0,0,0,0,0,0,0,1,152
1,0.14098,0.14098,0.14098,0.14098,0.14098,0.14098,0,0.14098,1,1,1,1,1,1,0,1,416,416,416,416,416,416,0,416,128.5,128.5,128.5,128.5,128.5,128.5,0,128.5,0,0,0,0,0,0,0,0,1,153
1,0.052692,0.052692,0.052692,0.052692,0.052692,0.052692,0,0.052692,1,1,1,1,1,1,0,1,416,416,416,416,416,416,0,416,128.5,128.5,128.5,128.5,128.5,128.5,0,128.5,0,0,0,0,0,0,0,0,1,154
1,0.11588,0.11588,0.11588,0.11588,0.11588,0.11588,0,0.11588,1,1,1,1,1,1,0,1,416,416,416,416,416,416,0,416,128.5,128.5,128.5,128.5,128.5,128.5,0,128.5,0,0,0,0,0,0,0,0,1,155
1,0.13318,0.13318,0.13318,0.13318,0.13318,0.13318,0,0.13318,1,1,1,1,1,1,0,1,416,416,416,416,416,416,0,416,128.5,128.5,128.5,128.5,128.5,128.5,0,128.5,0,0,0,0,0,0,0,0,1,156
1,0.051824,0.051824,0.051824,0.051824,0.051824,0.051824,0,0.051824,1,1,1,1,1,1,0,1,416,416,416,416,416,416,0,416,128.5,128.5,128.5,128.5,128.5,128.5,0,128.5,0,0,0,0,0,0,0,0,1,157
1,0.11517,0.11517,0.11517,0.11517,0.11517,0.11517,0,0.11517,1,1,1,1,1,1,0,1,416,416,416,416,416,416,0,416,128.5,128.5,128.5,128.5,128.5,128.5,0,128.5,0,0,0,0,0,0,0,0,1,158
1,0.13475,0.13475,0.13475,0.13475,0.13475,0.13475,0,0.13475,1,1,1,1,1,1,0,1,416,416,416,416,416,416,0,416,128.5,128.5,128.5,128.5,128.5,128.5,0,128.5,0,0,0,0,0,0,0,0,1,159
1,0.057504,0.057504,0.057504,0.057504,0.057504,0.057504,0,0.057504,1,1,1,1,1,1,0,1,416,416,416,416,416,416,0,416,128.5,128.5,128.5,128.5,128.5,128.5,0,128.5,0,0,0,0,0,0,0,0,1,160
1,0.11956,0.11956,0.11956,0.11956,0.11956,0.11956,0,0.11956,1,1,1,1,1,1,0,1,416,416,416,416,416,416,0,416,128.5,128.5,128.5,128.5,128.5,128.5,0,128.5,0,0,0,0,0,0,0,0,1,161
1,0.13381,0.13381,0.13381,0.13381,0.13381,0.13381,0,0.13381,1,1,1,1,1,1,0,1,416,416,416,416,416,416,0,416,128.5,128.5,128.5,128.5,128.5,128.5,0,128.5,0,0,0,0,0,0,0,0,1,162
1,0.064238,0.064238,0.064238,0.064238,0.064238,0.064238,0,0.064238,1,1,1,1,1,1,0,1,416,416,416,416,416,416,0,416,128.5,128.5,128.5,128.5,128.5,128.5,0,128.5,0,0,0,0,0,0,0,0,1,163
1,0.11512,0.11512,0.11512,0.11512,0.11512,0.11512,0,0.11512,1,1,1,1,1,1,0,1,416,416,416,416,416,416,0,416,128.5,128.5,128.5,128.5,128.5,128.5,0,128.5,0,0,0,0,0,0,0,0,1,164
1,0.13545,0.13545,0.13545,0.13545,0.13545,0.13545,0,0.13545,1,1,1,1,1,1,0,1,416,416,416,416,416,416,0,416,128.5,128.5,128.5,128.5,128.5,128.5,0,128.5,0,0,0,0,0,0,0,0,1,165
1,0.058121,0.058121,0.058121,0.058121,0.058121,0.058121,0,0.058121,1,1,1,1,1,1,0,1,416,416,416,416,416,416,0,416,128.5,128.5,128.5,128.5,128.5,128.5,0,128.5,0,0,0,0,0,0,0,0,1,166
1,0.12133,0.12133,0.12133,0.12133,0.12133,0.12133,0,0.12133,1,1,1,1,1,1,0,1,416,416,416,416,416,416,0,416,128.5,128.5,128.5,128.5,128.5,128.5,0,128.5,0,0,0,0,0,0,0,0,1,167
1,0.13683,0.13683,0.13683,0.13683,0.13683,0.13683,0,0.13683,1,1,1,1,1,1,0,1,416,416,416,416,416,416,0,416,128.5,128.5,128.5,128.5,128.5,128.5,0,128.5,0,0,0,0,0,0,0,0,1,168
1,0.06282,0.06282,0.06282,0.06282,0.06282,0.06282,0,0.06282,1,1,1,1,1,1,0,1,416,416,416,416,416,416,0,416,128.5,128.5,128.5,128.5,128.5,128.5,0,128.5,0,0,0,0,0,0,0,0,1,169
1,0.11811,0.11811,0.11811,0.11811,0.11811,0.11811,0,0.11811,1,1,1,1,1,1,0,1,416,416,416,416,416,416,0,416,128.5,128.5,128.5,128.5,128.5,128.5,0,128.5,0,0,0,0,0,0,0,0,1,170
1,0.13883,0.13883,0.13883,0.13883,0.13883,0.13883,0,0.13883,1,1,1,1,1,1,0,1,416,416,416,416,416,416,0,416,128.5,128.5,128.5,128.5,128.5,128.5,0,128.5,0,0,0,0,0,0,0,0,1,171
1,0.048527,0.048527,0.048527,0.048527,0.048527,0.048527,0,0.048527,1,1,1,1,1,1,0,1,416,416,416,416,416,416,0,416,128.5,128.5,128.5,128.5,128.5,128.5,0,128.5,0,0,0,0,0,0,0,0,1,172
1,0.12169,0.12169,0.12169,0.12169,0.12169,0.12169,0,0.12169,1,1,1,1,1,1,0,1,416,416,416,416,416,416,0,416,128.5,128.5,128.5,128.5,128.5,128.5,0,128.5,0,0,0,0,0,0,0,0,1,173
1,0.14311,0.14311,0.14311,0.14311,0.14311,0.14311,0,0.14311,1,1,1,1,1,1,0,1,416,416,416,416,416,416,0,416,128.5,128.5,128.5,128.5,128.5,128.5,0,128.5,0,0,0,0,0,0,0,0,1,174
1,0.056665,0.056665,0.056665,0.056665,0.056665,0.056665,0,0.056665,1,1,1,1,1,1,0,1,416,416,416,416,416,416,0,416,128.5,128.5,128.5,128.5,128.5,128.5,0,128.5,0,0,0,0,0,0,0,0,1,175
1,0.12132,0.12132,0.12132,0.12132,0.12132,0.12132,0,0.12132,1,1,1,1,1,1,0,1,416,416,416,416,416,416,0,416,128.5,128.5,128.5,128.5,128.5,128.5,0,128.5,0,0,0,0,0,0,0,0,1,176
1,0.14085,0.14085,0.14085,0.14085,0.14085,0.14085,0,0.14085,1,1,1,1,1,1,0,1,416,416,416,416,416,416,0,416,128.5,128.5,128.5,128.5,128.5,128.5,0,128.5,0,0,0,0,0,0,0,0,1,177
1,0.047836,0.047836,0.047836,0.047836,0.047836,0.047836,0,0.047836,1,1,1,1,1,1,0,1,416,416,416,416,416,416,0,416,128.5,128.5,128.5,128.5,128.5,128.5,0,128.5,0,0,0,0,0,0,0,0,1,178
1,0.12153,0.12153,0.12153,0.12153,0.12153,0.12153,0,0.12153,1,1,1,1,1,1,0,1,416,416,416,416,416,416,0,416,128.5,128.5,128.5,128.5,128.5,128.5,0,128.5,0,0,0,0,0,0,0,0,1,179
1,0.14503,0.14503,0.14503,0.14503,0.14503,0.14503,0,0.14503,1,1,1,1,1,1,0,1,416,416,416,416,416,416,0,416,128.5,128.5,128.5,128.5,128.5,128.5,0,128.5,0,0,0,0,0,0,0,0,1,180
1,0.055085,0.055085,0.055085,0.055085,0.055085,0.055085,0,0.055085,1,1,1,1,1,1,0,1,416,416,416,416,416,416,0,416,128.5,128.5,128.5,128.5,128.5,128.5,0,128.5,0,0,0,0,0,0,0,0,1,181
1,0.12233,0.12233,0.12233,0.12233,0.12233,0.12233,0,0.12233,1,1,1,1,1,1,0,1,416,416,416,416,416,416,0,416,128.5,128.5,128.5,128.5,128.5,128.5,0,128.5,0,0,0,0,0,0,0,0,1,182
1,0.14099,0.14099,0.14099,0.14099,0.14099,0.14099,0,0.14099,1,1,1,1,1,1,0,1,416,416,416,416,416,416,0,416,128.5,128.5,128.5,128.5,128.5,128.5,0,128.5,0,0,0,0,0,0,0,0,1,183
1,0.050543,0.050543,0.050543,0.050543,0.050543,0.050543,0,0.050543,1,1,1,1,1,1,0,1,416,416,416,416,416,416,0,416,128.5,128.5,128.5,128.5,128.5,128.5,0,128.5,0,0,0,0,0,0,0,0,1,184
1,0.12028,0.12028,0.12028,0.12028,0.12028,0.12028,0,0.12028,1,1,1,1,1,1,0,1,416,416,416,416,416,416,0,416,128.5,128.5,128.5,128.5,128.5,128.5,0,128.5,0,0,0,0,0,0,0,0,1,185
1,0.14459,0.14459,0.14459,0.14459,0.14459,0.14459,0,0.14459,1,1,1,1,1,1,0,1,416,416,416,416,416,416,0,416,128.5,128.5,128.5,128.5,128.5,128.5,0,128.5,0,0,0,0,0,0,0,0,1,186
1,0.053621,0.053621,0.053621,0.053621,0.053621,0.053621,0,0.053621,1,1,1,1,1,1,0,1,416,416,416,416,416,416,0,416,128.5,128.5,128.5,128.5,128.5,128.5,0,128.5,0,0,0,0,0,0,0,0,1,187
1,0.12182,0.12182,0.12182,0.12182,0.12182,0.12182,0,0.12182,1,1,1,1,1,1,0,1,416,416,416,416,416,416,0,416,128.5,128.5,128.5,128.5,128.5,128.5,0,128.5,0,0,0,0,0,0,0,0,1,188
1,0.1407,0.1407,0.1407,0.1407,0.1407,0.1407,0,0.1407,1,1,1,1,1,1,0,1,416,416,416,416,416,416,0,416,128.5,128.5,128.5,128.5,128.5,128.5,0,128.5,0,0,0,0,0,0,0,0,1,189
1,0.052798,0.052798,0.052798,0.052798,0.052798,0.052798,0,0.052798,1,1,1,1,1,1,0,1,416,416,416,416,416,416,0,416,128.5,128.5,128.5,128.5,128.5,128.5,0,128.5,0,0,0,0,0,0,0,0,1,190
1,0.11891,0.11891,0.11891,0.11891,0.11891,0.11891,0,0.11891,1,1,1,1,1,1,0,1,416,416,416,416,416,416,0,416,128.5,128.5,128.5,128.5,128.5,128.5,0,128.5,0,0,0,0,0,0,0,0,1,191
1,0.14311,0.14311,0.14311,0.14311,0.14311,0.14311,0,0.14311,1,1,1,1,1,1,0,1,416,416,416,416,416,416,0,416,128.5,128.5,128.5,128.5,128.5,128.5,0,128.5,0,0,0,0,0,0,0,0,1,192
1,0.048285,0.048285,0.048285,0.048285,0.048285,0.048285,0,0.048285,1,1,1,1,1,1,0,1,416,416,416,416,416,416,0,416,128.5,128.5,128.5,128.5,128.5,128.5,0,128.5,0,0,0,0,0,0,0,0,1,193
1,0.12241,0.12241,0.12241,0.12241,0.12241,0.12241,0,0.12241,1,1,1,1,1,1,0,1,416,416,416,416,416,416,0,416,128.5,128.5,128.5,128.5,128.5,128.5,0,128.5,0,0,0,0,0,0,0,0,1,194
1,0.14058,0.14058,0.14058,0.14058,0.14058,0.14058,0,0.14058,1,1,1,1,1,1,0,1,416,416,416,416,416,416,0,416,128.5,128.5,128.5,128.5,128.5,128.5,0,128.5,0,0,0,0,0,0,0,0,1,195
1,0.055901,0.055901,0.055901,0.055901,0.055901,0.055901,0,0.055901,1,1,1,1,1,1,0,1,416,416,416,416,416,416,0,416,128.5,128.5,128.5,128.5,128.5,128.5,0,128.5,0,0,0,0,0,0,0,0,1,196
1,0.11728,0.11728,0.11728,0.11728,0.11728,0.11728,0,0.11728,1,1,1,1,1,1,0,1,416,416,416,416,416,416,0,416,128.5,128.5,128.5,128.5,128.5,128.5,0,128.5,0,0,0,0,0,0,0,0,1,197
1,0.141,0.141,0.141,0.141,0.141,0.141,0,0.141,1,1,1,1,1,1,0,1,416,416,416,416,416,416,0,416,128.5,128.5,128.5,128.5,128.5,128.5,0,128.5,0,0,0,0,0,0,0,0,1,198
1,0.045169,0.045169,0.045169,0.045169,0.045169,0.045169,0,0.045169,1,1,1,1,1,1,0,1,416,416,416,416,416,416,0,416,128.5,128.5,128.5,128.5,128.5,128.5,0,128.5,0,0,0,0,0,0,0,0,1,199
