"N","min(velocity_magnitude)","q1(velocity_magnitude)","med(velocity_magnitude)","q3(velocity_magnitude)","max(velocity_magnitude)","avg(velocity_magnitude)","std(velocity_magnitude)","sum(velocity_magnitude)","min(velocity_x)","q1(velocity_x)","med(velocity_x)","q3(velocity_x)","max(velocity_x)","avg(velocity_x)","std(velocity_x)","sum(velocity_x)","min(velocity_y)","q1(velocity_y)","med(velocity_y)","q3(velocity_y)","max(velocity_y)","avg(velocity_y)","std(velocity_y)","sum(velocity_y)","min(vtkValidPointMask)","q1(vtkValidPointMask)","med(vtkValidPointMask)","q3(vtkValidPointMask)","max(vtkValidPointMask)","avg(vtkValidPointMask)","std(vtkValidPointMask)","sum(vtkValidPointMask)","min(X)","q1(X)","med(X)","q3(X)","max(X)","avg(X)","std(X)","sum(X)","min(Y)","q1(Y)","med(Y)","q3(Y)","max(Y)","avg(Y)","std(Y)","sum(Y)","min(Z)","q1(Z)","med(Z)","q3(Z)","max(Z)","avg(Z)","std(Z)","sum(Z)","vtkValidPointMask","Time"
1,0,0,0,0,0,0,0,0,0,0,0,0,0,0,0,0,0,0,0,0,0,0,0,0,1,1,1,1,1,1,0,1,256,256,256,256,256,256,0,256,64,64,64,64,64,64,0,64,0,0,0,0,0,0,0,0,1,0
1,0.014961,0.014961,0.014961,0.014961,0.014961,0.014961,0,0.014961,0.014961,0.014961,0.014961,0.014961,0.014961,0.014961,0,0.014961,6.8621e-16,6.8621e-16,6.8621e-16,6.8621e-16,6.8621e-16,6.8621e-16,0,6.8621e-16,1,1,1,1,1,1,0,1,256,256,256,256,256,256,0,256,64,64,64,64,64,64,0,64,0,0,0,0,0,0,0,0,1,1
1,0.037422,0.037422,0.037422,0.037422,0.037422,0.037422,0,0.037422,0.037422,0.037422,0.037422,0.037422,0.037422,0.037422,0,0.037422,1.2941e-16,1.2941e-16,1.2941e-16,1.2941e-16,1.2941e-16,1.2941e-16,0,1.2941e-16,1,1,1,1,1,1,0,1,256,256,256,256,256,256,0,256,64,64,64,64,64,64,0,64,0,0,0,0,0,0,0,0,1,2
1,0.05055,0.05055,0.05055,0.05055,0.05055,0.05055,0,0.05055,0.05055,0.05055,0.05055,0.05055,0.05055,0.05055,0,0.05055,-4.3419e-16,-4.3419e-16,-4.3419e-16,-4.3419e-16,-4.3419e-16,-4.3419e-16,0,-4.3419e-16,1,1,1,1,1,1,0,1,256,256,256,256,256,256,0,256,64,64,64,64,64,64,0,64,0,0,0,0,0,0,0,0,1,3
1,0.055163,0.055163,0.055163,0.055163,0.055163,0.055163,0,0.055163,0.055163,0.055163,0.055163,0.055163,0.055163,0.055163,0,0.055163,-9.3908e-16,-9.3908e-16,-9.3908e-16,-9.3908e-16,-9.3908e-16,-9.3908e-16,0,-9.3908e-16,1,1,1,1,1,1,0,1,256,256,256,256,256,256,0,256,64,64,64,64,64,64,0,64,0,0,0,0,0,0,0,0,1,4
1,0.056406,0.056406,0.056406,0.056406,0.056406,0.056406,0,0.056406,0.056406,0.056406,0.056406,0.056406,0.056406,0.056406,0,0.056406,3.7474e-16,3.7474e-16,3.7474e-16,3.7474e-16,3.7474e-16,3.7474e-16,0,3.7474e-16,1,1,1,1,1,1,0,1,256,256,256,256,256,256,0,256,64,64,64,64,64,64,0,64,0,0,0,0,0,0,0,0,1,5
1,0.053772,0.053772,0.053772,0.053772,0.053772,0.053772,0,0.053772,0.053772,0.053772,0.053772,0.053772,0.053772,0.053772,0,0.053772,4.0862e-16,4.0862e-16,4.0862e-16,4.0862e-16,4.0862e-16,4.0862e-16,0,4.0862e-16,1,1,1,1,1,1,0,1,256,256,256,256,256,256,0,256,64,64,64,64,64,64,0,64,0,0,0,0,0,0,0,0,1,6
1,0.034597,0.034597,0.034597,0.034597,0.034597,0.034597,0,0.034597,0.034597,0.034597,0.034597,0.034597,0.034597,0.034597,0,0.034597,-7.2116e-16,-7.2116e-16,-7.2116e-16,-7.2116e-16,-7.2116e-16,-7.2116e-16,0,-7.2116e-16,1,1,1,1,1,1,0,1,256,256,256,256,256,256,0,256,64,64,64,64,64,64,0,64,0,0,0,0,0,0,0,0,1,7
1,0.0096699,0.0096699,0.0096699,0.0096699,0.0096699,0.0096699,0,0.0096699,-0.0096699,-0.0096699,-0.0096699,-0.0096699,-0.0096699,-0.0096699,0,-0.0096699,-6.4619e-15,-6.4619e-15,-6.4619e-15,-6.4619e-15,-6.4619e-15,-6.4619e-15,0,-6.4619e-15,1,1,1,1,1,1,0,1,256,256,256,256,256,256,0,256,64,64,64,64,64,64,0,64,0,0,0,0,0,0,0,0,1,8
1,0.060156,0.060156,0.060156,0.060156,0.060156,0.060156,0,0.060156,-0.060156,-0.060156,-0.060156,-0.060156,-0.060156,-0.060156,0,-0.060156,-1.0061e-14,-1.0061e-14,-1.0061e-14,-1.0061e-14,-1.0061e-14,-1.0061e-14,0,-1.0061e-14,1,1,1,1,1,1,0,1,256,256,256,256,256,256,0,256,64,64,64,64,64,64,0,64,0,0,0,0,0,0,0,0,1,9
1,0.083278,0.083278,0.083278,0.083278,0.083278,0.083278,0,0.083278,-0.083278,-0.083278,-0.083278,-0.083278,-0.083278,-0.083278,0,-0.083278,1.0913e-14,1.0913e-14,1.0913e-14,1.0913e-14,1.0913e-14,1.0913e-14,0,1.0913e-14,1,1,1,1,1,1,0,1,256,256,256,256,256,256,0,256,64,64,64,64,64,64,0,64,0,0,0,0,0,0,0,0,1,10
1,0.088224,0.088224,0.088224,0.088224,0.088224,0.088224,0,0.088224,-0.088224,-0.088224,-0.088224,-0.088224,-0.088224,-0.088224,0,-0.088224,7.0731e-15,7.0731e-15,7.0731e-15,7.0731e-15,7.0731e-15,7.0731e-15,0,7.0731e-15,1,1,1,1,1,1,0,1,256,256,256,256,256,256,0,256,64,64,64,64,64,64,0,64,0,0,0,0,0,0,0,0,1,11
1,0.089084,0.089084,0.089084,0.089084,0.089084,0.089084,0,0.089084,-0.089084,-0.089084,-0.089084,-0.089084,-0.089084,-0.089084,0,-0.089084,-5.8728e-14,-5.8728e-14,-5.8728e-14,-5.8728e-14,-5.8728e-14,-5.8728e-14,0,-5.8728e-14,1,1,1,1,1,1,0,1,256,256,256,256,256,256,0,256,64,64,64,64,64,64,0,64,0,0,0,0,0,0,0,0,1,12
1,0.087368,0.087368,0.087368,0.087368,0.087368,0.087368,0,0.087368,-0.087368,-0.087368,-0.087368,-0.087368,-0.087368,-0.087368,0,-0.087368,-7.2117e-14,-7.2117e-14,-7.2117e-14,-7.2117e-14,-7.2117e-14,-7.2117e-14,0,-7.2117e-14,1,1,1,1,1,1,0,1,256,256,256,256,256,256,0,256,64,64,64,64,64,64,0,64,0,0,0,0,0,0,0,0,1,13
1,0.084285,0.084285,0.084285,0.084285,0.084285,0.084285,0,0.084285,-0.084285,-0.084285,-0.084285,-0.084285,-0.084285,-0.084285,0,-0.084285,1.0462e-13,1.0462e-13,1.0462e-13,1.0462e-13,1.0462e-13,1.0462e-13,0,1.0462e-13,1,1,1,1,1,1,0,1,256,256,256,256,256,256,0,256,64,64,64,64,64,64,0,64,0,0,0,0,0,0,0,0,1,14
1,0.081549,0.081549,0.081549,0.081549,0.081549,0.081549,0,0.081549,-0.081549,-0.081549,-0.081549,-0.081549,-0.081549,-0.081549,0,-0.081549,4.3639e-14,4.3639e-14,4.3639e-14,4.3639e-14,4.3639e-14,4.3639e-14,0,4.3639e-14,1,1,1,1,1,1,0,1,256,256,256,256,256,256,0,256,64,64,64,64,64,64,0,64,0,0,0,0,0,0,0,0,1,15
1,0.079095,0.079095,0.079095,0.079095,0.079095,0.079095,0,0.079095,-0.079095,-0.079095,-0.079095,-0.079095,-0.079095,-0.079095,0,-0.079095,-9.5711e-14,-9.5711e-14,-9.5711e-14,-9.5711e-14,-9.5711e-14,-9.5711e-14,0,-9.5711e-14,1,1,1,1,1,1,0,1,256,256,256,256,256,256,0,256,64,64,64,64,64,64,0,64,0,0,0,0,0,0,0,0,1,16
1,0.0775,0.0775,0.0775,0.0775,0.0775,0.0775,0,0.0775,-0.0775,-0.0775,-0.0775,-0.0775,-0.0775,-0.0775,0,-0.0775,9.0251e-14,9.0251e-14,9.0251e-14,9.0251e-14,9.0251e-14,9.0251e-14,0,9.0251e-14,1,1,1,1,1,1,0,1,256,256,256,256,256,256,0,256,64,64,64,64,64,64,0,64,0,0,0,0,0,0,0,0,1,17
1,0.077049,0.077049,0.077049,0.077049,0.077049,0.077049,0,0.077049,-0.077049,-0.077049,-0.077049,-0.077049,-0.077049,-0.077049,0,-0.077049,-2.173e-13,-2.173e-13,-2.173e-13,-2.173e-13,-2.173e-13,-2.173e-13,0,-2.173e-13,1,1,1,1,1,1,0,1,256,256,256,256,256,256,0,256,64,64,64,64,64,64,0,64,0,0,0,0,0,0,0,0,1,18
1,0.077388,0.077388,0.077388,0.077388,0.077388,0.077388,0,0.077388,-0.077388,-0.077388,-0.077388,-0.077388,-0.077388,-0.077388,0,-0.077388,2.3999e-13,2.3999e-13,2.3999e-13,2.3999e-13,2.3999e-13,2.3999e-13,0,2.3999e-13,1,1,1,1,1,1,0,1,256,256,256,256,256,256,0,256,64,64,64,64,64,64,0,64,0,0,0,0,0,0,0,0,1,19
1,0.078206,0.078206,0.078206,0.078206,0.078206,0.078206,0,0.078206,-0.078206,-0.078206,-0.078206,-0.078206,-0.078206,-0.078206,0,-0.078206,-1.0881e-13,-1.0881e-13,-1.0881e-13,-1.0881e-13,-1.0881e-13,-1.0881e-13,0,-1.0881e-13,1,1,1,1,1,1,0,1,256,256,256,256,256,256,0,256,64,64,64,64,64,64,0,64,0,0,0,0,0,0,0,0,1,20
1,0.079361,0.079361,0.079361,0.079361,0.079361,0.079361,0,0.079361,-0.079361,-0.079361,-0.079361,-0.079361,-0.079361,-0.079361,0,-0.079361,-1.0369e-13,-1.0369e-13,-1.0369e-13,-1.0369e-13,-1.0369e-13,-1.0369e-13,0,-1.0369e-13,1,1,1,1,1,1,0,1,256,256,256,256,256,256,0,256,64,64,64,64,64,64,0,64,0,0,0,0,0,0,0,0,1,21
1,0.0808,0.0808,0.0808,0.0808,0.0808,0.0808,0,0.0808,-0.0808,-0.0808,-0.0808,-0.0808,-0.0808,-0.0808,0,-0.0808,3.8288e-13,3.8288e-13,3.8288e-13,3.8288e-13,3.8288e-13,3.8288e-13,0,3.8288e-13,1,1,1,1,1,1,0,1,256,256,256,256,256,256,0,256,64,64,64,64,64,64,0,64,0,0,0,0,0,0,0,0,1,22
1,0.082574,0.082574,0.082574,0.082574,0.082574,0.082574,0,0.082574,-0.082574,-0.082574,-0.082574,-0.082574,-0.082574,-0.082574,0,-0.082574,-3.3554e-13,-3.3554e-13,-3.3554e-13,-3.3554e-13,-3.3554e-13,-3.3554e-13,0,-3.3554e-13,1,1,1,1,1,1,0,1,256,256,256,256,256,256,0,256,64,64,64,64,64,64,0,64,0,0,0,0,0,0,0,0,1,23
1,0.084679,0.084679,0.084679,0.084679,0.084679,0.084679,0,0.084679,-0.084679,-0.084679,-0.084679,-0.084679,-0.084679,-0.084679,0,-0.084679,-3.1709e-13,-3.1709e-13,-3.1709e-13,-3.1709e-13,-3.1709e-13,-3.1709e-13,0,-3.1709e-13,1,1,1,1,1,1,0,1,256,256,256,256,256,256,0,256,64,64,64,64,64,64,0,64,0,0,0,0,0,0,0,0,1,24
1,0.087051,0.087051,0.087051,0.087051,0.087051,0.087051,0,0.087051,-0.087051,-0.087051,-0.087051,-0.087051,-0.087051,-0.087051,0,-0.087051,2.5614e-12,2.5614e-12,2.5614e-12,2.5614e-12,2.5614e-12,2.5614e-12,0,2.5614e-12,1,1,1,1,1,1,0,1,256,256,256,256,256,256,0,256,64,64,64,64,64,64,0,64,0,0,0,0,0,0,0,0,1,25
1,0.089648,0.089648,0.089648,0.089648,0.089648,0.089648,0,0.089648,-0.089648,-0.089648,-0.089648,-0.089648,-0.089648,-0.089648,0,-0.089648,-6.8995e-12,-6.8995e-12,-6.8995e-12,-6.8995e-12,-6.8995e-12,-6.8995e-12,0,-6.8995e-12,1,1,1,1,1,1,0,1,256,256,256,256,256,256,0,256,64,64,64,64,64,64,0,64,0,0,0,0,0,0,0,0,1,26
1,0.09238,0.09238,0.09238,0.09238,0.09238,0.09238,0,0.09238,-0.09238,-0.09238,-0.09238,-0.09238,-0.09238,-0.09238,0,-0.09238,-3.3691e-12,-3.3691e-12,-3.3691e-12,-3.3691e-12,-3.3691e-12,-3.3691e-12,0,-3.3691e-12,1,1,1,1,1,1,0,1,256,256,256,256,256,256,0,256,64,64,64,64,64,64,0,64,0,0,0,0,0,0,0,0,1,27
1,0.095132,0.095132,0.095132,0.095132,0.095132,0.095132,0,0.095132,-0.095132,-0.095132,-0.095132,-0.095132,-0.095132,-0.095132,0,-0.095132,7.6655e-11,7.6655e-11,7.6655e-11,7.6655e-11,7.6655e-11,7.6655e-11,0,7.6655e-11,1,1,1,1,1,1,0,1,256,256,256,256,256,256,0,256,64,64,64,64,64,64,0,64,0,0,0,0,0,0,0,0,1,28
1,0.097814,0.097814,0.097814,0.097814,0.097814,0.097814,0,0.097814,-0.097814,-0.097814,-0.097814,-0.097814,-0.097814,-0.097814,0,-0.097814,-9.9793e-11,-9.9793e-11,-9.9793e-11,-9.9793e-11,-9.9793e-11,-9.9793e-11,0,-9.9793e-11,1,1,1,1,1,1,0,1,256,256,256,256,256,256,0,256,64,64,64,64,64,64,0,64,0,0,0,0,0,0,0,0,1,29
1,0.10036,0.10036,0.10036,0.10036,0.10036,0.10036,0,0.10036,-0.10036,-0.10036,-0.10036,-0.10036,-0.10036,-0.10036,0,-0.10036,-5.6379e-10,-5.6379e-10,-5.6379e-10,-5.6379e-10,-5.6379e-10,-5.6379e-10,0,-5.6379e-10,1,1,1,1,1,1,0,1,256,256,256,256,256,256,0,256,64,64,64,64,64,64,0,64,0,0,0,0,0,0,0,0,1,30
1,0.10276,0.10276,0.10276,0.10276,0.10276,0.10276,0,0.10276,-0.10276,-0.10276,-0.10276,-0.10276,-0.10276,-0.10276,0,-0.10276,8.9493e-10,8.9493e-10,8.9493e-10,8.9493e-10,8.9493e-10,8.9493e-10,0,8.9493e-10,1,1,1,1,1,1,0,1,256,256,256,256,256,256,0,256,64,64,64,64,64,64,0,64,0,0,0,0,0,0,0,0,1,31
1,0.10503,0.10503,0.10503,0.10503,0.10503,0.10503,0,0.10503,-0.10503,-0.10503,-0.10503,-0.10503,-0.10503,-0.10503,0,-0.10503,4.3856e-09,4.3856e-09,4.3856e-09,4.3856e-09,4.3856e-09,4.3856e-09,0,4.3856e-09,1,1,1,1,1,1,0,1,256,256,256,256,256,256,0,256,64,64,64,64,64,64,0,64,0,0,0,0,0,0,0,0,1,32
1,0.10719,0.10719,0.10719,0.10719,0.10719,0.10719,0,0.10719,-0.10719,-0.10719,-0.10719,-0.10719,-0.10719,-0.10719,0,-0.10719,-2.7725e-09,-2.7725e-09,-2.7725e-09,-2.7725e-09,-2.7725e-09,-2.7725e-09,0,-2.7725e-09,1,1,1,1,1,1,0,1,256,256,256,256,256,256,0,256,64,64,64,64,64,64,0,64,0,0,0,0,0,0,0,0,1,33
1,0.10927,0.10927,0.10927,0.10927,0.10927,0.10927,0,0.10927,-0.10927,-0.10927,-0.10927,-0.10927,-0.10927,-0.10927,0,-0.10927,-3.2406e-08,-3.2406e-08,-3.2406e-08,-3.2406e-08,-3.2406e-08,-3.2406e-08,0,-3.2406e-08,1,1,1,1,1,1,0,1,256,256,256,256,256,256,0,256,64,64,64,64,64,64,0,64,0,0,0,0,0,0,0,0,1,34
1,0.11124,0.11124,0.11124,0.11124,0.11124,0.11124,0,0.11124,-0.11124,-0.11124,-0.11124,-0.11124,-0.11124,-0.11124,0,-0.11124,-3.4529e-08,-3.4529e-08,-3.4529e-08,-3.4529e-08,-3.4529e-08,-3.4529e-08,0,-3.4529e-08,1,1,1,1,1,1,0,1,256,256,256,256,256,256,0,256,64,64,64,64,64,64,0,64,0,0,0,0,0,0,0,0,1,35
1,0.11308,0.11308,0.11308,0.11308,0.11308,0.11308,0,0.11308,-0.11308,-0.11308,-0.11308,-0.11308,-0.11308,-0.11308,0,-0.11308,1.2594e-07,1.2594e-07,1.2594e-07,1.2594e-07,1.2594e-07,1.2594e-07,0,1.2594e-07,1,1,1,1,1,1,0,1,256,256,256,256,256,256,0,256,64,64,64,64,64,64,0,64,0,0,0,0,0,0,0,0,1,36
1,0.11473,0.11473,0.11473,0.11473,0.11473,0.11473,0,0.11473,-0.11473,-0.11473,-0.11473,-0.11473,-0.11473,-0.11473,0,-0.11473,4.7365e-07,4.7365e-07,4.7365e-07,4.7365e-07,4.7365e-07,4.7365e-07,0,4.7365e-07,1,1,1,1,1,1,0,1,256,256,256,256,256,256,0,256,64,64,64,64,64,64,0,64,0,0,0,0,0,0,0,0,1,37
1,0.11614,0.11614,0.11614,0.11614,0.11614,0.11614,0,0.11614,-0.11614,-0.11614,-0.11614,-0.11614,-0.11614,-0.11614,0,-0.11614,5.0684e-07,5.0684e-07,5.0684e-07,5.0684e-07,5.0684e-07,5.0684e-07,0,5.0684e-07,1,1,1,1,1,1,0,1,256,256,256,256,256,256,0,256,64,64,64,64,64,64,0,64,0,0,0,0,0,0,0,0,1,38
1,0.11725,0.11725,0.11725,0.11725,0.11725,0.11725,0,0.11725,-0.11725,-0.11725,-0.11725,-0.11725,-0.11725,-0.11725,0,-0.11725,-9.5022e-07,-9.5022e-07,-9.5022e-07,-9.5022e-07,-9.5022e-07,-9.5022e-07,0,-9.5022e-07,1,1,1,1,1,1,0,1,256,256,256,256,256,256,0,256,64,64,64,64,64,64,0,64,0,0,0,0,0,0,0,0,1,39
1,0.11804,0.11804,0.11804,0.11804,0.11804,0.11804,0,0.11804,-0.11804,-0.11804,-0.11804,-0.11804,-0.11804,-0.11804,0,-0.11804,-4.8211e-06,-4.8211e-06,-4.8211e-06,-4.8211e-06,-4.8211e-06,-4.8211e-06,0,-4.8211e-06,1,1,1,1,1,1,0,1,256,256,256,256,256,256,0,256,64,64,64,64,64,64,0,64,0,0,0,0,0,0,0,0,1,40
1,0.11856,0.11856,0.11856,0.11856,0.11856,0.11856,0,0.11856,-0.11856,-0.11856,-0.11856,-0.11856,-0.11856,-0.11856,0,-0.11856,-9.4609e-06,-9.4609e-06,-9.4609e-06,-9.4609e-06,-9.4609e-06,-9.4609e-06,0,-9.4609e-06,1,1,1,1,1,1,0,1,256,256,256,256,256,256,0,256,64,64,64,64,64,64,0,64,0,0,0,0,0,0,0,0,1,41
1,0.11891,0.11891,0.11891,0.11891,0.11891,0.11891,0,0.11891,-0.11891,-0.11891,-0.11891,-0.11891,-0.11891,-0.11891,0,-0.11891,-8.0954e-06,-8.0954e-06,-8.0954e-06,-8.0954e-06,-8.0954e-06,-8.0954e-06,0,-8.0954e-06,1,1,1,1,1,1,0,1,256,256,256,256,256,256,0,256,64,64,64,64,64,64,0,64,0,0,0,0,0,0,0,0,1,42
1,0.11919,0.11919,0.11919,0.11919,0.11919,0.11919,0,0.11919,-0.11919,-0.11919,-0.11919,-0.11919,-0.11919,-0.11919,0,-0.11919,1.0796e-05,1.0796e-05,1.0796e-05,1.0796e-05,1.0796e-05,1.0796e-05,0,1.0796e-05,1,1,1,1,1,1,0,1,256,256,256,256,256,256,0,256,64,64,64,64,64,64,0,64,0,0,0,0,0,0,0,0,1,43
1,0.11941,0.11941,0.11941,0.11941,0.11941,0.11941,0,0.11941,-0.11941,-0.11941,-0.11941,-0.11941,-0.11941,-0.11941,0,-0.11941,5.5851e-05,5.5851e-05,5.5851e-05,5.5851e-05,5.5851e-05,5.5851e-05,0,5.5851e-05,1,1,1,1,1,1,0,1,256,256,256,256,256,256,0,256,64,64,64,64,64,64,0,64,0,0,0,0,0,0,0,0,1,44
1,0.11953,0.11953,0.11953,0.11953,0.11953,0.11953,0,0.11953,-0.11953,-0.11953,-0.11953,-0.11953,-0.11953,-0.11953,0,-0.11953,0.00011639,0.00011639,0.00011639,0.00011639,0.00011639,0.00011639,0,0.00011639,1,1,1,1,1,1,0,1,256,256,256,256,256,256,0,256,64,64,64,64,64,64,0,64,0,0,0,0,0,0,0,0,1,45
1,0.11954,0.11954,0.11954,0.11954,0.11954,0.11954,0,0.11954,-0.11954,-0.11954,-0.11954,-0.11954,-0.11954,-0.11954,0,-0.11954,0.00014428,0.00014428,0.00014428,0.00014428,0.00014428,0.00014428,0,0.00014428,1,1,1,1,1,1,0,1,256,256,256,256,256,256,0,256,64,64,64,64,64,64,0,64,0,0,0,0,0,0,0,0,1,46
1,0.11945,0.11945,0.11945,0.11945,0.11945,0.11945,0,0.11945,-0.11945,-0.11945,-0.11945,-0.11945,-0.11945,-0.11945,0,-0.11945,5.1429e-05,5.1429e-05,5.1429e-05,5.1429e-05,5.1429e-05,5.1429e-05,0,5.1429e-05,1,1,1,1,1,1,0,1,256,256,256,256,256,256,0,256,64,64,64,64,64,64,0,64,0,0,0,0,0,0,0,0,1,47
1,0.11925,0.11925,0.11925,0.11925,0.11925,0.11925,0,0.11925,-0.11925,-0.11925,-0.11925,-0.11925,-0.11925,-0.11925,0,-0.11925,-0.00025801,-0.00025801,-0.00025801,-0.00025801,-0.00025801,-0.00025801,0,-0.00025801,1,1,1,1,1,1,0,1,256,256,256,256,256,256,0,256,64,64,64,64,64,64,0,64,0,0,0,0,0,0,0,0,1,48
1,0.11897,0.11897,0.11897,0.11897,0.11897,0.11897,0,0.11897,-0.11897,-0.11897,-0.11897,-0.11897,-0.11897,-0.11897,0,-0.11897,-0.00081025,-0.00081025,-0.00081025,-0.00081025,-0.00081025,-0.00081025,0,-0.00081025,1,1,1,1,1,1,0,1,256,256,256,256,256,256,0,256,64,64,64,64,64,64,0,64,0,0,0,0,0,0,0,0,1,49
1,0.11855,0.11855,0.11855,0.11855,0.11855,0.11855,0,0.11855,-0.11854,-0.11854,-0.11854,-0.11854,-0.11854,-0.11854,0,-0.11854,-0.001447,-0.001447,-0.001447,-0.001447,-0.001447,-0.001447,0,-0.001447,1,1,1,1,1,1,0,1,256,256,256,256,256,256,0,256,64,64,64,64,64,64,0,64,0,0,0,0,0,0,0,0,1,50
1,0.11792,0.11792,0.11792,0.11792,0.11792,0.11792,0,0.11792,-0.11791,-0.11791,-0.11791,-0.11791,-0.11791,-0.11791,0,-0.11791,-0.0017205,-0.0017205,-0.0017205,-0.0017205,-0.0017205,-0.0017205,0,-0.0017205,1,1,1,1,1,1,0,1,256,256,256,256,256,256,0,256,64,64,64,64,64,64,0,64,0,0,0,0,0,0,0,0,1,51
1,0.11694,0.11694,0.11694,0.11694,0.11694,0.11694,0,0.11694,-0.11694,-0.11694,-0.11694,-0.11694,-0.11694,-0.11694,0,-0.11694,-0.0009019,-0.0009019,-0.0009019,-0.0009019,-0.0009019,-0.0009019,0,-0.0009019,1,1,1,1,1,1,0,1,256,256,256,256,256,256,0,256,64,64,64,64,64,64,0,64,0,0,0,0,0,0,0,0,1,52
1,0.11551,0.11551,0.11551,0.11551,0.11551,0.11551,0,0.11551,-0.1155,-0.1155,-0.1155,-0.1155,-0.1155,-0.1155,0,-0.1155,0.0017638,0.0017638,0.0017638,0.0017638,0.0017638,0.0017638,0,0.0017638,1,1,1,1,1,1,0,1,256,256,256,256,256,256,0,256,64,64,64,64,64,64,0,64,0,0,0,0,0,0,0,0,1,53
1,0.11359,0.11359,0.11359,0.11359,0.11359,0.11359,0,0.11359,-0.1134,-0.1134,-0.1134,-0.1134,-0.1134,-0.1134,0,-0.1134,0.0064828,0.0064828,0.0064828,0.0064828,0.0064828,0.0064828,0,0.0064828,1,1,1,1,1,1,0,1,256,256,256,256,256,256,0,256,64,64,64,64,64,64,0,64,0,0,0,0,0,0,0,0,1,54
1,0.11086,0.11086,0.11086,0.11086,0.11086,0.11086,0,0.11086,-0.1102,-0.1102,-0.1102,-0.1102,-0.1102,-0.1102,0,-0.1102,0.012117,0.012117,0.012117,0.012117,0.012117,0.012117,0,0.012117,1,1,1,1,1,1,0,1,256,256,256,256,256,256,0,256,64,64,64,64,64,64,0,64,0,0,0,0,0,0,0,0,1,55
1,0.10629,0.10629,0.10629,0.10629,0.10629,0.10629,0,0.10629,-0.10514,-0.10514,-0.10514,-0.10514,-0.10514,-0.10514,0,-0.10514,0.015616,0.015616,0.015616,0.015616,0.015616,0.015616,0,0.015616,1,1,1,1,1,1,0,1,256,256,256,256,256,256,0,256,64,64,64,64,64,64,0,64,0,0,0,0,0,0,0,0,1,56
1,0.099131,0.099131,0.099131,0.099131,0.099131,0.099131,0,0.099131,-0.098341,-0.098341,-0.098341,-0.098341,-0.098341,-0.098341,0,-0.098341,0.012494,0.012494,0.012494,0.012494,0.012494,0.012494,0,0.012494,1,1,1,1,1,1,0,1,256,256,256,256,256,256,0,256,64,64,64,64,64,64,0,64,0,0,0,0,0,0,0,0,1,57
1,0.089981,0.089981,0.089981,0.089981,0.089981,0.089981,0,0.089981,-0.089972,-0.089972,-0.089972,-0.089972,-0.089972,-0.089972,0,-0.089972,-0.0012224,-0.0012224,-0.0012224,-0.0012224,-0.0012224,-0.0012224,0,-0.0012224,1,1,1,1,1,1,0,1,256,256,256,256,256,256,0,256,64,64,64,64,64,64,0,64,0,0,0,0,0,0,0,0,1,58
1,0.083706,0.083706,0.083706,0.083706,0.083706,0.083706,0,0.083706,-0.079861,-0.079861,-0.079861,-0.079861,-0.079861,-0.079861,0,-0.079861,-0.025078,-0.025078,-0.025078,-0.025078,-0.025078,-0.025078,0,-0.025078,1,1,1,1,1,1,0,1,256,256,256,256,256,256,0,256,64,64,64,64,64,64,0,64,0,0,0,0,0,0,0,0,1,59
1,0.084589,0.084589,0.084589,0.084589,0.084589,0.084589,0,0.084589,-0.068021,-0.068021,-0.068021,-0.068021,-0.068021,-0.068021,0,-0.068021,-0.050284,-0.050284,-0.050284,-0.050284,-0.050284,-0.050284,0,-0.050284,1,1,1,1,1,1,0,1,256,256,256,256,256,256,0,256,64,64,64,64,64,64,0,64,0,0,0,0,0,0,0,0,1,60
1,0.085953,0.085953,0.085953,0.085953,0.085953,0.085953,0,0.085953,-0.05731,-0.05731,-0.05731,-0.05731,-0.05731,-0.05731,0,-0.05731,-0.064058,-0.064058,-0.064058,-0.064058,-0.064058,-0.064058,0,-0.064058,1,1,1,1,1,1,0,1,256,256,256,256,256,256,0,256,64,64,64,64,64,64,0,64,0,0,0,0,0,0,0,0,1,61
1,0.065797,0.065797,0.065797,0.065797,0.065797,0.065797,0,0.065797,-0.039573,-0.039573,-0.039573,-0.039573,-0.039573,-0.039573,0,-0.039573,-0.052566,-0.052566,-0.052566,-0.052566,-0.052566,-0.052566,0,-0.052566,1,1,1,1,1,1,0,1,256,256,256,256,256,256,0,256,64,64,64,64,64,64,0,64,0,0,0,0,0,0,0,0,1,62
1,0.025017,0.025017,0.025017,0.025017,0.025017,0.025017,0,0.025017,-0.018326,-0.018326,-0.018326,-0.018326,-0.018326,-0.018326,0,-0.018326,-0.017029,-0.017029,-0.017029,-0.017029,-0.017029,-0.017029,0,-0.017029,1,1,1,1,1,1,0,1,256,256,256,256,256,256,0,256,64,64,64,64,64,64,0,64,0,0,0,0,0,0,0,0,1,63
1,0.041372,0.041372,0.041372,0.041372,0.041372,0.041372,0,0.041372,-0.011273,-0.011273,-0.011273,-0.011273,-0.011273,-0.011273,0,-0.011273,0.039807,0.039807,0.039807,0.039807,0.039807,0.039807,0,0.039807,1,1,1,1,1,1,0,1,256,256,256,256,256,256,0,256,64,64,64,64,64,64,0,64,0,0,0,0,0,0,0,0,1,64
1,0.098916,0.098916,0.098916,0.098916,0.098916,0.098916,0,0.098916,0.00080949,0.00080949,0.00080949,0.00080949,0.00080949,0.00080949,0,0.00080949,0.098913,0.098913,0.098913,0.098913,0.098913,0.098913,0,0.098913,1,1,1,1,1,1,0,1,256,256,256,256,256,256,0,256,64,64,64,64,64,64,0,64,0,0,0,0,0,0,0,0,1,65
1,0.079054,0.079054,0.079054,0.079054,0.079054,0.079054,0,0.079054,0.032061,0.032061,0.032061,0.032061,0.032061,0.032061,0,0.032061,0.072261,0.072261,0.072261,0.072261,0.072261,0.072261,0,0.072261,1,1,1,1,1,1,0,1,256,256,256,256,256,256,0,256,64,64,64,64,64,64,0,64,0,0,0,0,0,0,0,0,1,66
1,0.083056,0.083056,0.083056,0.083056,0.083056,0.083056,0,0.083056,0.02702,0.02702,0.02702,0.02702,0.02702,0.02702,0,0.02702,-0.078538,-0.078538,-0.078538,-0.078538,-0.078538,-0.078538,0,-0.078538,1,1,1,1,1,1,0,1,256,256,256,256,256,256,0,256,64,64,64,64,64,64,0,64,0,0,0,0,0,0,0,0,1,67
1,0.09058,0.09058,0.09058,0.09058,0.09058,0.09058,0,0.09058,0.061734,0.061734,0.061734,0.061734,0.061734,0.061734,0,0.061734,-0.066285,-0.066285,-0.066285,-0.066285,-0.066285,-0.066285,0,-0.066285,1,1,1,1,1,1,0,1,256,256,256,256,256,256,0,256,64,64,64,64,64,64,0,64,0,0,0,0,0,0,0,0,1,68
1,0.089998,0.089998,0.089998,0.089998,0.089998,0.089998,0,0.089998,0.051484,0.051484,0.051484,0.051484,0.051484,0.051484,0,0.051484,0.073817,0.073817,0.073817,0.073817,0.073817,0.073817,0,0.073817,1,1,1,1,1,1,0,1,256,256,256,256,256,256,0,256,64,64,64,64,64,64,0,64,0,0,0,0,0,0,0,0,1,69
1,0.069814,0.069814,0.069814,0.069814,0.069814,0.069814,0,0.069814,0.054375,0.054375,0.054375,0.054375,0.054375,0.054375,0,0.054375,0.043788,0.043788,0.043788,0.043788,0.043788,0.043788,0,0.043788,1,1,1,1,1,1,0,1,256,256,256,256,256,256,0,256,64,64,64,64,64,64,0,64,0,0,0,0,0,0,0,0,1,70
1,0.099979,0.099979,0.099979,0.099979,0.099979,0.099979,0,0.099979,0.055454,0.055454,0.055454,0.055454,0.055454,0.055454,0,0.055454,-0.083191,-0.083191,-0.083191,-0.083191,-0.083191,-0.083191,0,-0.083191,1,1,1,1,1,1,0,1,256,256,256,256,256,256,0,256,64,64,64,64,64,64,0,64,0,0,0,0,0,0,0,0,1,71
1,0.057428,0.057428,0.057428,0.057428,0.057428,0.057428,0,0.057428,0.057349,0.057349,0.057349,0.057349,0.057349,0.057349,0,0.057349,0.0030098,0.0030098,0.0030098,0.0030098,0.0030098,0.0030098,0,0.0030098,1,1,1,1,1,1,0,1,256,256,256,256,256,256,0,256,64,64,64,64,64,64,0,64,0,0,0,0,0,0,0,0,1,72
1,0.11039,0.11039,0.11039,0.11039,0.11039,0.11039,0,0.11039,0.048781,0.048781,0.048781,0.048781,0.048781,0.048781,0,0.048781,0.09903,0.09903,0.09903,0.09903,0.09903,0.09903,0,0.09903,1,1,1,1,1,1,0,1,256,256,256,256,256,256,0,256,64,64,64,64,64,64,0,64,0,0,0,0,0,0,0,0,1,73
1,0.11593,0.11593,0.11593,0.11593,0.11593,0.11593,0,0.11593,0.067596,0.067596,0.067596,0.067596,0.067596,0.067596,0,0.067596,-0.094185,-0.094185,-0.094185,-0.094185,-0.094185,-0.094185,0,-0.094185,1,1,1,1,1,1,0,1,256,256,256,256,256,256,0,256,64,64,64,64,64,64,0,64,0,0,0,0,0,0,0,0,1,74
1,0.12476,0.12476,0.12476,0.12476,0.12476,0.12476,0,0.12476,0.06579,0.06579,0.06579,0.06579,0.06579,0.06579,0,0.06579,-0.106,-0.106,-0.106,-0.106,-0.106,-0.106,0,-0.106,1,1,1,1,1,1,0,1,256,256,256,256,256,256,0,256,64,64,64,64,64,64,0,64,0,0,0,0,0,0,0,0,1,75
1,0.094351,0.094351,0.094351,0.094351,0.094351,0.094351,0,0.094351,0.063391,0.063391,0.063391,0.063391,0.063391,0.063391,0,0.063391,0.069883,0.069883,0.069883,0.069883,0.069883,0.069883,0,0.069883,1,1,1,1,1,1,0,1,256,256,256,256,256,256,0,256,64,64,64,64,64,64,0,64,0,0,0,0,0,0,0,0,1,76
1,0.032394,0.032394,0.032394,0.032394,0.032394,0.032394,0,0.032394,-0.022862,-0.022862,-0.022862,-0.022862,-0.022862,-0.022862,0,-0.022862,-0.02295,-0.02295,-0.02295,-0.02295,-0.02295,-0.02295,0,-0.02295,1,1,1,1,1,1,0,1,256,256,256,256,256,256,0,256,64,64,64,64,64,64,0,64,0,0,0,0,0,0,0,0,1,77
1,0.11378,0.11378,0.11378,0.11378,0.11378,0.11378,0,0.11378,0.075353,0.075353,0.075353,0.075353,0.075353,0.075353,0,0.075353,-0.08525,-0.08525,-0.08525,-0.08525,-0.08525,-0.08525,0,-0.08525,1,1,1,1,1,1,0,1,256,256,256,256,256,256,0,256,64,64,64,64,64,64,0,64,0,0,0,0,0,0,0,0,1,78
1,0.094558,0.094558,0.094558,0.094558,0.094558,0.094558,0,0.094558,0.076887,0.076887,0.076887,0.076887,0.076887,0.076887,0,0.076887,0.055041,0.055041,0.055041,0.055041,0.055041,0.055041,0,0.055041,1,1,1,1,1,1,0,1,256,256,256,256,256,256,0,256,64,64,64,64,64,64,0,64,0,0,0,0,0,0,0,0,1,79
1,0.043465,0.043465,0.043465,0.043465,0.043465,0.043465,0,0.043465,-0.025561,-0.025561,-0.025561,-0.025561,-0.025561,-0.025561,0,-0.025561,0.035154,0.035154,0.035154,0.035154,0.035154,0.035154,0,0.035154,1,1,1,1,1,1,0,1,256,256,256,256,256,256,0,256,64,64,64,64,64,64,0,64,0,0,0,0,0,0,0,0,1,80
1,0.11219,0.11219,0.11219,0.11219,0.11219,0.11219,0,0.11219,0.05405,0.05405,0.05405,0.05405,0.05405,0.05405,0,0.05405,-0.098317,-0.098317,-0.098317,-0.098317,-0.098317,-0.098317,0,-0.098317,1,1,1,1,1,1,0,1,256,256,256,256,256,256,0,256,64,64,64,64,64,64,0,64,0,0,0,0,0,0,0,0,1,81
1,0.15095,0.15095,0.15095,0.15095,0.15095,0.15095,0,0.15095,0.11875,0.11875,0.11875,0.11875,0.11875,0.11875,0,0.11875,0.093187,0.093187,0.093187,0.093187,0.093187,0.093187,0,0.093187,1,1,1,1,1,1,0,1,256,256,256,256,256,256,0,256,64,64,64,64,64,64,0,64,0,0,0,0,0,0,0,0,1,82
1,0.071224,0.071224,0.071224,0.071224,0.071224,0.071224,0,0.071224,0.028743,0.028743,0.028743,0.028743,0.028743,0.028743,0,0.028743,0.065166,0.065166,0.065166,0.065166,0.065166,0.065166,0,0.065166,1,1,1,1,1,1,0,1,256,256,256,256,256,256,0,256,64,64,64,64,64,64,0,64,0,0,0,0,0,0,0,0,1,83
1,0.12741,0.12741,0.12741,0.12741,0.12741,0.12741,0,0.12741,0.056851,0.056851,0.056851,0.056851,0.056851,0.056851,0,0.056851,-0.11402,-0.11402,-0.11402,-0.11402,-0.11402,-0.11402,0,-0.11402,1,1,1,1,1,1,0,1,256,256,256,256,256,256,0,256,64,64,64,64,64,64,0,64,0,0,0,0,0,0,0,0,1,84
1,0.14198,0.14198,0.14198,0.14198,0.14198,0.14198,0,0.14198,0.07769,0.07769,0.07769,0.07769,0.07769,0.07769,0,0.07769,0.11883,0.11883,0.11883,0.11883,0.11883,0.11883,0,0.11883,1,1,1,1,1,1,0,1,256,256,256,256,256,256,0,256,64,64,64,64,64,64,0,64,0,0,0,0,0,0,0,0,1,85
1,0.090924,0.090924,0.090924,0.090924,0.090924,0.090924,0,0.090924,0.090723,0.090723,0.090723,0.090723,0.090723,0.090723,0,0.090723,0.0060427,0.0060427,0.0060427,0.0060427,0.0060427,0.0060427,0,0.0060427,1,1,1,1,1,1,0,1,256,256,256,256,256,256,0,256,64,64,64,64,64,64,0,64,0,0,0,0,0,0,0,0,1,86
1,0.12019,0.12019,0.12019,0.12019,0.12019,0.12019,0,0.12019,0.052253,0.052253,0.052253,0.052253,0.052253,0.052253,0,0.052253,-0.10824,-0.10824,-0.10824,-0.10824,-0.10824,-0.10824,0,-0.10824,1,1,1,1,1,1,0,1,256,256,256,256,256,256,0,256,64,64,64,64,64,64,0,64,0,0,0,0,0,0,0,0,1,87
1,0.12333,0.12333,0.12333,0.12333,0.12333,0.12333,0,0.12333,0.053951,0.053951,0.053951,0.053951,0.053951,0.053951,0,0.053951,0.1109,0.1109,0.1109,0.1109,0.1109,0.1109,0,0.1109,1,1,1,1,1,1,0,1,256,256,256,256,256,256,0,256,64,64,64,64,64,64,0,64,0,0,0,0,0,0,0,0,1,88
1,0.13386,0.13386,0.13386,0.13386,0.13386,0.13386,0,0.13386,0.12818,0.12818,0.12818,0.12818,0.12818,0.12818,0,0.12818,-0.038596,-0.038596,-0.038596,-0.038596,-0.038596,-0.038596,0,-0.038596,1,1,1,1,1,1,0,1,256,256,256,256,256,256,0,256,64,64,64,64,64,64,0,64,0,0,0,0,0,0,0,0,1,89
1,0.10647,0.10647,0.10647,0.10647,0.10647,0.10647,0,0.10647,0.041907,0.041907,0.041907,0.041907,0.041907,0.041907,0,0.041907,-0.097879,-0.097879,-0.097879,-0.097879,-0.097879,-0.097879,0,-0.097879,1,1,1,1,1,1,0,1,256,256,256,256,256,256,0,256,64,64,64,64,64,64,0,64,0,0,0,0,0,0,0,0,1,90
1,0.10927,0.10927,0.10927,0.10927,0.10927,0.10927,0,0.10927,0.040923,0.040923,0.040923,0.040923,0.040923,0.040923,0,0.040923,0.10132,0.10132,0.10132,0.10132,0.10132,0.10132,0,0.10132,1,1,1,1,1,1,0,1,256,256,256,256,256,256,0,256,64,64,64,64,64,64,0,64,0,0,0,0,0,0,0,0,1,91
1,0.14756,0.14756,0.14756,0.14756,0.14756,0.14756,0,0.14756,0.13969,0.13969,0.13969,0.13969,0.13969,0.13969,0,0.13969,-0.047541,-0.047541,-0.047541,-0.047541,-0.047541,-0.047541,0,-0.047541,1,1,1,1,1,1,0,1,256,256,256,256,256,256,0,256,64,64,64,64,64,64,0,64,0,0,0,0,0,0,0,0,1,92
1,0.11361,0.11361,0.11361,0.11361,0.11361,0.11361,0,0.11361,0.03872,0.03872,0.03872,0.03872,0.03872,0.03872,0,0.03872,-0.10681,-0.10681,-0.10681,-0.10681,-0.10681,-0.10681,0,-0.10681,1,1,1,1,1,1,0,1,256,256,256,256,256,256,0,256,64,64,64,64,64,64,0,64,0,0,0,0,0,0,0,0,1,93
1,0.12027,0.12027,0.12027,0.12027,0.12027,0.12027,0,0.12027,0.05539,0.05539,0.05539,0.05539,0.05539,0.05539,0,0.05539,0.10676,0.10676,0.10676,0.10676,0.10676,0.10676,0,0.10676,1,1,1,1,1,1,0,1,256,256,256,256,256,256,0,256,64,64,64,64,64,64,0,64,0,0,0,0,0,0,0,0,1,94
1,0.14755,0.14755,0.14755,0.14755,0.14755,0.14755,0,0.14755,0.11631,0.11631,0.11631,0.11631,0.11631,0.11631,0,0.11631,-0.090802,-0.090802,-0.090802,-0.090802,-0.090802,-0.090802,0,-0.090802,1,1,1,1,1,1,0,1,256,256,256,256,256,256,0,256,64,64,64,64,64,64,0,64,0,0,0,0,0,0,0,0,1,95
1,0.10887,0.10887,0.10887,0.10887,0.10887,0.10887,0,0.10887,0.028208,0.028208,0.028208,0.028208,0.028208,0.028208,0,0.028208,-0.10515,-0.10515,-0.10515,-0.10515,-0.10515,-0.10515,0,-0.10515,1,1,1,1,1,1,0,1,256,256,256,256,256,256,0,256,64,64,64,64,64,64,0,64,0,0,0,0,0,0,0,0,1,96
1,0.12308,0.12308,0.12308,0.12308,0.12308,0.12308,0,0.12308,0.056479,0.056479,0.056479,0.056479,0.056479,0.056479,0,0.056479,0.10935,0.10935,0.10935,0.10935,0.10935,0.10935,0,0.10935,1,1,1,1,1,1,0,1,256,256,256,256,256,256,0,256,64,64,64,64,64,64,0,64,0,0,0,0,0,0,0,0,1,97
1,0.14367,0.14367,0.14367,0.14367,0.14367,0.14367,0,0.14367,0.079558,0.079558,0.079558,0.079558,0.079558,0.079558,0,0.079558,-0.11963,-0.11963,-0.11963,-0.11963,-0.11963,-0.11963,0,-0.11963,1,1,1,1,1,1,0,1,256,256,256,256,256,256,0,256,64,64,64,64,64,64,0,64,0,0,0,0,0,0,0,0,1,98
1,0.093827,0.093827,0.093827,0.093827,0.093827,0.093827,0,0.093827,0.090293,0.090293,0.090293,0.090293,0.090293,0.090293,0,0.090293,-0.025509,-0.025509,-0.025509,-0.025509,-0.025509,-0.025509,0,-0.025509,1,1,1,1,1,1,0,1,256,256,256,256,256,256,0,256,64,64,64,64,64,64,0,64,0,0,0,0,0,0,0,0,1,99
1,0.11745,0.11745,0.11745,0.11745,0.11745,0.11745,0,0.11745,0.054635,0.054635,0.054635,0.054635,0.054635,0.054635,0,0.054635,0.10396,0.10396,0.10396,0.10396,0.10396,0.10396,0,0.10396,1,1,1,1,1,1,0,1,256,256,256,256,256,256,0,256,64,64,64,64,64,64,0,64,0,0,0,0,0,0,0,0,1,100
1,0.12416,0.12416,0.12416,0.12416,0.12416,0.12416,0,0.12416,0.041711,0.041711,0.041711,0.041711,0.041711,0.041711,0,0.041711,-0.11694,-0.11694,-0.11694,-0.11694,-0.11694,-0.11694,0,-0.11694,1,1,1,1,1,1,0,1,256,256,256,256,256,256,0,256,64,64,64,64,64,64,0,64,0,0,0,0,0,0,0,0,1,101
1,0.12186,0.12186,0.12186,0.12186,0.12186,0.12186,0,0.12186,0.12161,0.12161,0.12161,0.12161,0.12161,0.12161,0,0.12161,0.007763,0.007763,0.007763,0.007763,0.007763,0.007763,0,0.007763,1,1,1,1,1,1,0,1,256,256,256,256,256,256,0,256,64,64,64,64,64,64,0,64,0,0,0,0,0,0,0,0,1,102
1,0.11289,0.11289,0.11289,0.11289,0.11289,0.11289,0,0.11289,0.053363,0.053363,0.053363,0.053363,0.053363,0.053363,0,0.053363,0.099482,0.099482,0.099482,0.099482,0.099482,0.099482,0,0.099482,1,1,1,1,1,1,0,1,256,256,256,256,256,256,0,256,64,64,64,64,64,64,0,64,0,0,0,0,0,0,0,0,1,103
1,0.11265,0.11265,0.11265,0.11265,0.11265,0.11265,0,0.11265,0.042336,0.042336,0.042336,0.042336,0.042336,0.042336,0,0.042336,-0.10439,-0.10439,-0.10439,-0.10439,-0.10439,-0.10439,0,-0.10439,1,1,1,1,1,1,0,1,256,256,256,256,256,256,0,256,64,64,64,64,64,64,0,64,0,0,0,0,0,0,0,0,1,104
1,0.13334,0.13334,0.13334,0.13334,0.13334,0.13334,0,0.13334,0.12949,0.12949,0.12949,0.12949,0.12949,0.12949,0,0.12949,0.031803,0.031803,0.031803,0.031803,0.031803,0.031803,0,0.031803,1,1,1,1,1,1,0,1,256,256,256,256,256,256,0,256,64,64,64,64,64,64,0,64,0,0,0,0,0,0,0,0,1,105
1,0.1111,0.1111,0.1111,0.1111,0.1111,0.1111,0,0.1111,0.050264,0.050264,0.050264,0.050264,0.050264,0.050264,0,0.050264,0.099076,0.099076,0.099076,0.099076,0.099076,0.099076,0,0.099076,1,1,1,1,1,1,0,1,256,256,256,256,256,256,0,256,64,64,64,64,64,64,0,64,0,0,0,0,0,0,0,0,1,106
1,0.11361,0.11361,0.11361,0.11361,0.11361,0.11361,0,0.11361,0.044841,0.044841,0.044841,0.044841,0.044841,0.044841,0,0.044841,-0.10439,-0.10439,-0.10439,-0.10439,-0.10439,-0.10439,0,-0.10439,1,1,1,1,1,1,0,1,256,256,256,256,256,256,0,256,64,64,64,64,64,64,0,64,0,0,0,0,0,0,0,0,1,107
1,0.14125,0.14125,0.14125,0.14125,0.14125,0.14125,0,0.14125,0.1309,0.1309,0.1309,0.1309,0.1309,0.1309,0,0.1309,0.053071,0.053071,0.053071,0.053071,0.053071,0.053071,0,0.053071,1,1,1,1,1,1,0,1,256,256,256,256,256,256,0,256,64,64,64,64,64,64,0,64,0,0,0,0,0,0,0,0,1,108
1,0.11827,0.11827,0.11827,0.11827,0.11827,0.11827,0,0.11827,0.03825,0.03825,0.03825,0.03825,0.03825,0.03825,0,0.03825,0.11191,0.11191,0.11191,0.11191,0.11191,0.11191,0,0.11191,1,1,1,1,1,1,0,1,256,256,256,256,256,256,0,256,64,64,64,64,64,64,0,64,0,0,0,0,0,0,0,0,1,109
1,0.11932,0.11932,0.11932,0.11932,0.11932,0.11932,0,0.11932,0.050787,0.050787,0.050787,0.050787,0.050787,0.050787,0,0.050787,-0.10797,-0.10797,-0.10797,-0.10797,-0.10797,-0.10797,0,-0.10797,1,1,1,1,1,1,0,1,256,256,256,256,256,256,0,256,64,64,64,64,64,64,0,64,0,0,0,0,0,0,0,0,1,110
1,0.12254,0.12254,0.12254,0.12254,0.12254,0.12254,0,0.12254,0.09659,0.09659,0.09659,0.09659,0.09659,0.09659,0,0.09659,0.075401,0.075401,0.075401,0.075401,0.075401,0.075401,0,0.075401,1,1,1,1,1,1,0,1,256,256,256,256,256,256,0,256,64,64,64,64,64,64,0,64,0,0,0,0,0,0,0,0,1,111
1,0.12179,0.12179,0.12179,0.12179,0.12179,0.12179,0,0.12179,0.054028,0.054028,0.054028,0.054028,0.054028,0.054028,0,0.054028,0.10915,0.10915,0.10915,0.10915,0.10915,0.10915,0,0.10915,1,1,1,1,1,1,0,1,256,256,256,256,256,256,0,256,64,64,64,64,64,64,0,64,0,0,0,0,0,0,0,0,1,112
1,0.12237,0.12237,0.12237,0.12237,0.12237,0.12237,0,0.12237,0.061972,0.061972,0.061972,0.061972,0.061972,0.061972,0,0.061972,-0.10551,-0.10551,-0.10551,-0.10551,-0.10551,-0.10551,0,-0.10551,1,1,1,1,1,1,0,1,256,256,256,256,256,256,0,256,64,64,64,64,64,64,0,64,0,0,0,0,0,0,0,0,1,113
1,0.10964,0.10964,0.10964,0.10964,0.10964,0.10964,0,0.10964,0.053449,0.053449,0.053449,0.053449,0.053449,0.053449,0,0.053449,0.09573,0.09573,0.09573,0.09573,0.09573,0.09573,0,0.09573,1,1,1,1,1,1,0,1,256,256,256,256,256,256,0,256,64,64,64,64,64,64,0,64,0,0,0,0,0,0,0,0,1,114
1,0.11605,0.11605,0.11605,0.11605,0.11605,0.11605,0,0.11605,0.063183,0.063183,0.063183,0.063183,0.063183,0.063183,0,0.063183,0.097345,0.097345,0.097345,0.097345,0.097345,0.097345,0,0.097345,1,1,1,1,1,1,0,1,256,256,256,256,256,256,0,256,64,64,64,64,64,64,0,64,0,0,0,0,0,0,0,0,1,115
1,0.12261,0.12261,0.12261,0.12261,0.12261,0.12261,0,0.12261,0.064142,0.064142,0.064142,0.064142,0.064142,0.064142,0,0.064142,-0.10449,-0.10449,-0.10449,-0.10449,-0.10449,-0.10449,0,-0.10449,1,1,1,1,1,1,0,1,256,256,256,256,256,256,0,256,64,64,64,64,64,64,0,64,0,0,0,0,0,0,0,0,1,116
1,0.10523,0.10523,0.10523,0.10523,0.10523,0.10523,0,0.10523,0.054896,0.054896,0.054896,0.054896,0.054896,0.054896,0,0.054896,0.089782,0.089782,0.089782,0.089782,0.089782,0.089782,0,0.089782,1,1,1,1,1,1,0,1,256,256,256,256,256,256,0,256,64,64,64,64,64,64,0,64,0,0,0,0,0,0,0,0,1,117
1,0.11406,0.11406,0.11406,0.11406,0.11406,0.11406,0,0.11406,0.092713,0.092713,0.092713,0.092713,0.092713,0.092713,0,0.092713,0.066439,0.066439,0.066439,0.066439,0.066439,0.066439,0,0.066439,1,1,1,1,1,1,0,1,256,256,256,256,256,256,0,256,64,64,64,64,64,64,0,64,0,0,0,0,0,0,0,0,1,118
1,0.11236,0.11236,0.11236,0.11236,0.11236,0.11236,0,0.11236,0.068601,0.068601,0.068601,0.068601,0.068601,0.068601,0,0.068601,-0.088985,-0.088985,-0.088985,-0.088985,-0.088985,-0.088985,0,-0.088985,1,1,1,1,1,1,0,1,256,256,256,256,256,256,0,256,64,64,64,64,64,64,0,64,0,0,0,0,0,0,0,0,1,119
1,0.090279,0.090279,0.090279,0.090279,0.090279,0.090279,0,0.090279,0.0043997,0.0043997,0.0043997,0.0043997,0.0043997,0.0043997,0,0.0043997,0.090172,0.090172,0.090172,0.090172,0.090172,0.090172,0,0.090172,1,1,1,1,1,1,0,1,256,256,256,256,256,256,0,256,64,64,64,64,64,64,0,64,0,0,0,0,0,0,0,0,1,120
1,0.10957,0.10957,0.10957,0.10957,0.10957,0.10957,0,0.10957,0.084726,0.084726,0.084726,0.084726,0.084726,0.084726,0,0.084726,0.069472,0.069472,0.069472,0.069472,0.069472,0.069472,0,0.069472,1,1,1,1,1,1,0,1,256,256,256,256,256,256,0,256,64,64,64,64,64,64,0,64,0,0,0,0,0,0,0,0,1,121
1,0.12346,0.12346,0.12346,0.12346,0.12346,0.12346,0,0.12346,0.071576,0.071576,0.071576,0.071576,0.071576,0.071576,0,0.071576,-0.10059,-0.10059,-0.10059,-0.10059,-0.10059,-0.10059,0,-0.10059,1,1,1,1,1,1,0,1,256,256,256,256,256,256,0,256,64,64,64,64,64,64,0,64,0,0,0,0,0,0,0,0,1,122
1,0.11859,0.11859,0.11859,0.11859,0.11859,0.11859,0,0.11859,0.054432,0.054432,0.054432,0.054432,0.054432,0.054432,0,0.054432,0.10536,0.10536,0.10536,0.10536,0.10536,0.10536,0,0.10536,1,1,1,1,1,1,0,1,256,256,256,256,256,256,0,256,64,64,64,64,64,64,0,64,0,0,0,0,0,0,0,0,1,123
1,0.092282,0.092282,0.092282,0.092282,0.092282,0.092282,0,0.092282,0.067013,0.067013,0.067013,0.067013,0.067013,0.067013,0,0.067013,0.063444,0.063444,0.063444,0.063444,0.063444,0.063444,0,0.063444,1,1,1,1,1,1,0,1,256,256,256,256,256,256,0,256,64,64,64,64,64,64,0,64,0,0,0,0,0,0,0,0,1,124
1,0.1223,0.1223,0.1223,0.1223,0.1223,0.1223,0,0.1223,0.064357,0.064357,0.064357,0.064357,0.064357,0.064357,0,0.064357,-0.104,-0.104,-0.104,-0.104,-0.104,-0.104,0,-0.104,1,1,1,1,1,1,0,1,256,256,256,256,256,256,0,256,64,64,64,64,64,64,0,64,0,0,0,0,0,0,0,0,1,125
1,0.13371,0.13371,0.13371,0.13371,0.13371,0.13371,0,0.13371,0.073815,0.073815,0.073815,0.073815,0.073815,0.073815,0,0.073815,0.11149,0.11149,0.11149,0.11149,0.11149,0.11149,0,0.11149,1,1,1,1,1,1,0,1,256,256,256,256,256,256,0,256,64,64,64,64,64,64,0,64,0,0,0,0,0,0,0,0,1,126
1,0.076221,0.076221,0.076221,0.076221,0.076221,0.076221,0,0.076221,0.058129,0.058129,0.058129,0.058129,0.058129,0.058129,0,0.058129,0.049303,0.049303,0.049303,0.049303,0.049303,0.049303,0,0.049303,1,1,1,1,1,1,0,1,256,256,256,256,256,256,0,256,64,64,64,64,64,64,0,64,0,0,0,0,0,0,0,0,1,127
1,0.12418,0.12418,0.12418,0.12418,0.12418,0.12418,0,0.12418,0.06301,0.06301,0.06301,0.06301,0.06301,0.06301,0,0.06301,-0.10701,-0.10701,-0.10701,-0.10701,-0.10701,-0.10701,0,-0.10701,1,1,1,1,1,1,0,1,256,256,256,256,256,256,0,256,64,64,64,64,64,64,0,64,0,0,0,0,0,0,0,0,1,128
1,0.13897,0.13897,0.13897,0.13897,0.13897,0.13897,0,0.13897,0.086286,0.086286,0.086286,0.086286,0.086286,0.086286,0,0.086286,0.10894,0.10894,0.10894,0.10894,0.10894,0.10894,0,0.10894,1,1,1,1,1,1,0,1,256,256,256,256,256,256,0,256,64,64,64,64,64,64,0,64,0,0,0,0,0,0,0,0,1,129
1,0.056135,0.056135,0.056135,0.056135,0.056135,0.056135,0,0.056135,0.032744,0.032744,0.032744,0.032744,0.032744,0.032744,0,0.032744,0.045595,0.045595,0.045595,0.045595,0.045595,0.045595,0,0.045595,1,1,1,1,1,1,0,1,256,256,256,256,256,256,0,256,64,64,64,64,64,64,0,64,0,0,0,0,0,0,0,0,1,130
1,0.12171,0.12171,0.12171,0.12171,0.12171,0.12171,0,0.12171,0.055198,0.055198,0.055198,0.055198,0.055198,0.055198,0,0.055198,-0.10848,-0.10848,-0.10848,-0.10848,-0.10848,-0.10848,0,-0.10848,1,1,1,1,1,1,0,1,256,256,256,256,256,256,0,256,64,64,64,64,64,64,0,64,0,0,0,0,0,0,0,0,1,131
1,0.14124,0.14124,0.14124,0.14124,0.14124,0.14124,0,0.14124,0.086593,0.086593,0.086593,0.086593,0.086593,0.086593,0,0.086593,0.11158,0.11158,0.11158,0.11158,0.11158,0.11158,0,0.11158,1,1,1,1,1,1,0,1,256,256,256,256,256,256,0,256,64,64,64,64,64,64,0,64,0,0,0,0,0,0,0,0,1,132
1,0.068993,0.068993,0.068993,0.068993,0.068993,0.068993,0,0.068993,0.064314,0.064314,0.064314,0.064314,0.064314,0.064314,0,0.064314,0.024973,0.024973,0.024973,0.024973,0.024973,0.024973,0,0.024973,1,1,1,1,1,1,0,1,256,256,256,256,256,256,0,256,64,64,64,64,64,64,0,64,0,0,0,0,0,0,0,0,1,133
1,0.12185,0.12185,0.12185,0.12185,0.12185,0.12185,0,0.12185,0.054888,0.054888,0.054888,0.054888,0.054888,0.054888,0,0.054888,-0.10879,-0.10879,-0.10879,-0.10879,-0.10879,-0.10879,0,-0.10879,1,1,1,1,1,1,0,1,256,256,256,256,256,256,0,256,64,64,64,64,64,64,0,64,0,0,0,0,0,0,0,0,1,134
1,0.13466,0.13466,0.13466,0.13466,0.13466,0.13466,0,0.13466,0.06255,0.06255,0.06255,0.06255,0.06255,0.06255,0,0.06255,0.11925,0.11925,0.11925,0.11925,0.11925,0.11925,0,0.11925,1,1,1,1,1,1,0,1,256,256,256,256,256,256,0,256,64,64,64,64,64,64,0,64,0,0,0,0,0,0,0,0,1,135
1,0.068425,0.068425,0.068425,0.068425,0.068425,0.068425,0,0.068425,0.054281,0.054281,0.054281,0.054281,0.054281,0.054281,0,0.054281,0.04166,0.04166,0.04166,0.04166,0.04166,0.04166,0,0.04166,1,1,1,1,1,1,0,1,256,256,256,256,256,256,0,256,64,64,64,64,64,64,0,64,0,0,0,0,0,0,0,0,1,136
1,0.12627,0.12627,0.12627,0.12627,0.12627,0.12627,0,0.12627,0.059352,0.059352,0.059352,0.059352,0.059352,0.059352,0,0.059352,-0.11145,-0.11145,-0.11145,-0.11145,-0.11145,-0.11145,0,-0.11145,1,1,1,1,1,1,0,1,256,256,256,256,256,256,0,256,64,64,64,64,64,64,0,64,0,0,0,0,0,0,0,0,1,137
1,0.13652,0.13652,0.13652,0.13652,0.13652,0.13652,0,0.13652,0.085257,0.085257,0.085257,0.085257,0.085257,0.085257,0,0.085257,0.10663,0.10663,0.10663,0.10663,0.10663,0.10663,0,0.10663,1,1,1,1,1,1,0,1,256,256,256,256,256,256,0,256,64,64,64,64,64,64,0,64,0,0,0,0,0,0,0,0,1,138
1,0.054391,0.054391,0.054391,0.054391,0.054391,0.054391,0,0.054391,0.039162,0.039162,0.039162,0.039162,0.039162,0.039162,0,0.039162,0.037746,0.037746,0.037746,0.037746,0.037746,0.037746,0,0.037746,1,1,1,1,1,1,0,1,256,256,256,256,256,256,0,256,64,64,64,64,64,64,0,64,0,0,0,0,0,0,0,0,1,139
1,0.12,0.12,0.12,0.12,0.12,0.12,0,0.12,0.055811,0.055811,0.055811,0.055811,0.055811,0.055811,0,0.055811,-0.10624,-0.10624,-0.10624,-0.10624,-0.10624,-0.10624,0,-0.10624,1,1,1,1,1,1,0,1,256,256,256,256,256,256,0,256,64,64,64,64,64,64,0,64,0,0,0,0,0,0,0,0,1,140
1,0.13672,0.13672,0.13672,0.13672,0.13672,0.13672,0,0.13672,0.076011,0.076011,0.076011,0.076011,0.076011,0.076011,0,0.076011,0.11365,0.11365,0.11365,0.11365,0.11365,0.11365,0,0.11365,1,1,1,1,1,1,0,1,256,256,256,256,256,256,0,256,64,64,64,64,64,64,0,64,0,0,0,0,0,0,0,0,1,141
1,0.076391,0.076391,0.076391,0.076391,0.076391,0.076391,0,0.076391,0.07351,0.07351,0.07351,0.07351,0.07351,0.07351,0,0.07351,0.020781,0.020781,0.020781,0.020781,0.020781,0.020781,0,0.020781,1,1,1,1,1,1,0,1,256,256,256,256,256,256,0,256,64,64,64,64,64,64,0,64,0,0,0,0,0,0,0,0,1,142
1,0.11638,0.11638,0.11638,0.11638,0.11638,0.11638,0,0.11638,0.052707,0.052707,0.052707,0.052707,0.052707,0.052707,0,0.052707,-0.10377,-0.10377,-0.10377,-0.10377,-0.10377,-0.10377,0,-0.10377,1,1,1,1,1,1,0,1,256,256,256,256,256,256,0,256,64,64,64,64,64,64,0,64,0,0,0,0,0,0,0,0,1,143
1,0.12562,0.12562,0.12562,0.12562,0.12562,0.12562,0,0.12562,0.039434,0.039434,0.039434,0.039434,0.039434,0.039434,0,0.039434,0.11927,0.11927,0.11927,0.11927,0.11927,0.11927,0,0.11927,1,1,1,1,1,1,0,1,256,256,256,256,256,256,0,256,64,64,64,64,64,64,0,64,0,0,0,0,0,0,0,0,1,144
1,0.10423,0.10423,0.10423,0.10423,0.10423,0.10423,0,0.10423,0.10319,0.10319,0.10319,0.10319,0.10319,0.10319,0,0.10319,0.014724,0.014724,0.014724,0.014724,0.014724,0.014724,0,0.014724,1,1,1,1,1,1,0,1,256,256,256,256,256,256,0,256,64,64,64,64,64,64,0,64,0,0,0,0,0,0,0,0,1,145
1,0.11491,0.11491,0.11491,0.11491,0.11491,0.11491,0,0.11491,0.059885,0.059885,0.059885,0.059885,0.059885,0.059885,0,0.059885,-0.098071,-0.098071,-0.098071,-0.098071,-0.098071,-0.098071,0,-0.098071,1,1,1,1,1,1,0,1,256,256,256,256,256,256,0,256,64,64,64,64,64,64,0,64,0,0,0,0,0,0,0,0,1,146
1,0.11717,0.11717,0.11717,0.11717,0.11717,0.11717,0,0.11717,0.036955,0.036955,0.036955,0.036955,0.036955,0.036955,0,0.036955,0.11119,0.11119,0.11119,0.11119,0.11119,0.11119,0,0.11119,1,1,1,1,1,1,0,1,256,256,256,256,256,256,0,256,64,64,64,64,64,64,0,64,0,0,0,0,0,0,0,0,1,147
1,0.10511,0.10511,0.10511,0.10511,0.10511,0.10511,0,0.10511,0.10471,0.10471,0.10471,0.10471,0.10471,0.10471,0,0.10471,0.0092689,0.0092689,0.0092689,0.0092689,0.0092689,0.0092689,0,0.0092689,1,1,1,1,1,1,0,1,256,256,256,256,256,256,0,256,64,64,64,64,64,64,0,64,0,0,0,0,0,0,0,0,1,148
1,0.11166,0.11166,0.11166,0.11166,0.11166,0.11166,0,0.11166,0.059447,0.059447,0.059447,0.059447,0.059447,0.059447,0,0.059447,-0.094516,-0.094516,-0.094516,-0.094516,-0.094516,-0.094516,0,-0.094516,1,1,1,1,1,1,0,1,256,256,256,256,256,256,0,256,64,64,64,64,64,64,0,64,0,0,0,0,0,0,0,0,1,149
1,0.11167,0.11167,0.11167,0.11167,0.11167,0.11167,0,0.11167,0.031159,0.031159,0.031159,0.031159,0.031159,0.031159,0,0.031159,0.10723,0.10723,0.10723,0.10723,0.10723,0.10723,0,0.10723,1,1,1,1,1,1,0,1,256,256,256,256,256,256,0,256,64,64,64,64,64,64,0,64,0,0,0,0,0,0,0,0,1,150
1,0.13071,0.13071,0.13071,0.13071,0.13071,0.13071,0,0.13071,0.12997,0.12997,0.12997,0.12997,0.12997,0.12997,0,0.12997,-0.013815,-0.013815,-0.013815,-0.013815,-0.013815,-0.013815,0,-0.013815,1,1,1,1,1,1,0,1,256,256,256,256,256,256,0,256,64,64,64,64,64,64,0,64,0,0,0,0,0,0,0,0,1,151
1,0.10888,0.10888,0.10888,0.10888,0.10888,0.10888,0,0.10888,0.058656,0.058656,0.058656,0.058656,0.058656,0.058656,0,0.058656,-0.091731,-0.091731,-0.091731,-0.091731,-0.091731,-0.091731,0,-0.091731,1,1,1,1,1,1,0,1,256,256,256,256,256,256,0,256,64,64,64,64,64,64,0,64,0,0,0,0,0,0,0,0,1,152
1,0.1068,0.1068,0.1068,0.1068,0.1068,0.1068,0,0.1068,0.036488,0.036488,0.036488,0.036488,0.036488,0.036488,0,0.036488,0.10038,0.10038,0.10038,0.10038,0.10038,0.10038,0,0.10038,1,1,1,1,1,1,0,1,256,256,256,256,256,256,0,256,64,64,64,64,64,64,0,64,0,0,0,0,0,0,0,0,1,153
1,0.11511,0.11511,0.11511,0.11511,0.11511,0.11511,0,0.11511,0.11255,0.11255,0.11255,0.11255,0.11255,0.11255,0,0.11255,-0.024149,-0.024149,-0.024149,-0.024149,-0.024149,-0.024149,0,-0.024149,1,1,1,1,1,1,0,1,256,256,256,256,256,256,0,256,64,64,64,64,64,64,0,64,0,0,0,0,0,0,0,0,1,154
1,0.13105,0.13105,0.13105,0.13105,0.13105,0.13105,0,0.13105,0.056534,0.056534,0.056534,0.056534,0.056534,0.056534,0,0.056534,-0.11823,-0.11823,-0.11823,-0.11823,-0.11823,-0.11823,0,-0.11823,1,1,1,1,1,1,0,1,256,256,256,256,256,256,0,256,64,64,64,64,64,64,0,64,0,0,0,0,0,0,0,0,1,155
1,0.12935,0.12935,0.12935,0.12935,0.12935,0.12935,0,0.12935,0.066444,0.066444,0.066444,0.066444,0.066444,0.066444,0,0.066444,0.11098,0.11098,0.11098,0.11098,0.11098,0.11098,0,0.11098,1,1,1,1,1,1,0,1,256,256,256,256,256,256,0,256,64,64,64,64,64,64,0,64,0,0,0,0,0,0,0,0,1,156
1,0.10971,0.10971,0.10971,0.10971,0.10971,0.10971,0,0.10971,0.069599,0.069599,0.069599,0.069599,0.069599,0.069599,0,0.069599,-0.084804,-0.084804,-0.084804,-0.084804,-0.084804,-0.084804,0,-0.084804,1,1,1,1,1,1,0,1,256,256,256,256,256,256,0,256,64,64,64,64,64,64,0,64,0,0,0,0,0,0,0,0,1,157
1,0.11534,0.11534,0.11534,0.11534,0.11534,0.11534,0,0.11534,0.075727,0.075727,0.075727,0.075727,0.075727,0.075727,0,0.075727,-0.087004,-0.087004,-0.087004,-0.087004,-0.087004,-0.087004,0,-0.087004,1,1,1,1,1,1,0,1,256,256,256,256,256,256,0,256,64,64,64,64,64,64,0,64,0,0,0,0,0,0,0,0,1,158
1,0.11925,0.11925,0.11925,0.11925,0.11925,0.11925,0,0.11925,0.06533,0.06533,0.06533,0.06533,0.06533,0.06533,0,0.06533,0.099767,0.099767,0.099767,0.099767,0.099767,0.099767,0,0.099767,1,1,1,1,1,1,0,1,256,256,256,256,256,256,0,256,64,64,64,64,64,64,0,64,0,0,0,0,0,0,0,0,1,159
1,0.11939,0.11939,0.11939,0.11939,0.11939,0.11939,0,0.11939,0.0312,0.0312,0.0312,0.0312,0.0312,0.0312,0,0.0312,-0.11524,-0.11524,-0.11524,-0.11524,-0.11524,-0.11524,0,-0.11524,1,1,1,1,1,1,0,1,256,256,256,256,256,256,0,256,64,64,64,64,64,64,0,64,0,0,0,0,0,0,0,0,1,160
1,0.11601,0.11601,0.11601,0.11601,0.11601,0.11601,0,0.11601,0.11207,0.11207,0.11207,0.11207,0.11207,0.11207,0,0.11207,-0.029986,-0.029986,-0.029986,-0.029986,-0.029986,-0.029986,0,-0.029986,1,1,1,1,1,1,0,1,256,256,256,256,256,256,0,256,64,64,64,64,64,64,0,64,0,0,0,0,0,0,0,0,1,161
1,0.11414,0.11414,0.11414,0.11414,0.11414,0.11414,0,0.11414,0.06379,0.06379,0.06379,0.06379,0.06379,0.06379,0,0.06379,0.094654,0.094654,0.094654,0.094654,0.094654,0.094654,0,0.094654,1,1,1,1,1,1,0,1,256,256,256,256,256,256,0,256,64,64,64,64,64,64,0,64,0,0,0,0,0,0,0,0,1,162
1,0.11437,0.11437,0.11437,0.11437,0.11437,0.11437,0,0.11437,0.03492,0.03492,0.03492,0.03492,0.03492,0.03492,0,0.03492,-0.10891,-0.10891,-0.10891,-0.10891,-0.10891,-0.10891,0,-0.10891,1,1,1,1,1,1,0,1,256,256,256,256,256,256,0,256,64,64,64,64,64,64,0,64,0,0,0,0,0,0,0,0,1,163
1,0.12786,0.12786,0.12786,0.12786,0.12786,0.12786,0,0.12786,0.12756,0.12756,0.12756,0.12756,0.12756,0.12756,0,0.12756,0.0087619,0.0087619,0.0087619,0.0087619,0.0087619,0.0087619,0,0.0087619,1,1,1,1,1,1,0,1,256,256,256,256,256,256,0,256,64,64,64,64,64,64,0,64,0,0,0,0,0,0,0,0,1,164
1,0.11114,0.11114,0.11114,0.11114,0.11114,0.11114,0,0.11114,0.057072,0.057072,0.057072,0.057072,0.057072,0.057072,0,0.057072,0.095367,0.095367,0.095367,0.095367,0.095367,0.095367,0,0.095367,1,1,1,1,1,1,0,1,256,256,256,256,256,256,0,256,64,64,64,64,64,64,0,64,0,0,0,0,0,0,0,0,1,165
1,0.11125,0.11125,0.11125,0.11125,0.11125,0.11125,0,0.11125,0.038278,0.038278,0.038278,0.038278,0.038278,0.038278,0,0.038278,-0.10446,-0.10446,-0.10446,-0.10446,-0.10446,-0.10446,0,-0.10446,1,1,1,1,1,1,0,1,256,256,256,256,256,256,0,256,64,64,64,64,64,64,0,64,0,0,0,0,0,0,0,0,1,166
1,0.13149,0.13149,0.13149,0.13149,0.13149,0.13149,0,0.13149,0.12861,0.12861,0.12861,0.12861,0.12861,0.12861,0,0.12861,0.027383,0.027383,0.027383,0.027383,0.027383,0.027383,0,0.027383,1,1,1,1,1,1,0,1,256,256,256,256,256,256,0,256,64,64,64,64,64,64,0,64,0,0,0,0,0,0,0,0,1,167
1,0.12016,0.12016,0.12016,0.12016,0.12016,0.12016,0,0.12016,0.051691,0.051691,0.051691,0.051691,0.051691,0.051691,0,0.051691,0.10847,0.10847,0.10847,0.10847,0.10847,0.10847,0,0.10847,1,1,1,1,1,1,0,1,256,256,256,256,256,256,0,256,64,64,64,64,64,64,0,64,0,0,0,0,0,0,0,0,1,168
1,0.11832,0.11832,0.11832,0.11832,0.11832,0.11832,0,0.11832,0.050177,0.050177,0.050177,0.050177,0.050177,0.050177,0,0.050177,-0.10715,-0.10715,-0.10715,-0.10715,-0.10715,-0.10715,0,-0.10715,1,1,1,1,1,1,0,1,256,256,256,256,256,256,0,256,64,64,64,64,64,64,0,64,0,0,0,0,0,0,0,0,1,169
1,0.092814,0.092814,0.092814,0.092814,0.092814,0.092814,0,0.092814,0.083924,0.083924,0.083924,0.083924,0.083924,0.083924,0,0.083924,0.039638,0.039638,0.039638,0.039638,0.039638,0.039638,0,0.039638,1,1,1,1,1,1,0,1,256,256,256,256,256,256,0,256,64,64,64,64,64,64,0,64,0,0,0,0,0,0,0,0,1,170
1,0.14622,0.14622,0.14622,0.14622,0.14622,0.14622,0,0.14622,0.061416,0.061416,0.061416,0.061416,0.061416,0.061416,0,0.061416,0.1327,0.1327,0.1327,0.1327,0.1327,0.1327,0,0.1327,1,1,1,1,1,1,0,1,256,256,256,256,256,256,0,256,64,64,64,64,64,64,0,64,0,0,0,0,0,0,0,0,1,171
1,0.12548,0.12548,0.12548,0.12548,0.12548,0.12548,0,0.12548,0.073261,0.073261,0.073261,0.073261,0.073261,0.073261,0,0.073261,-0.10187,-0.10187,-0.10187,-0.10187,-0.10187,-0.10187,0,-0.10187,1,1,1,1,1,1,0,1,256,256,256,256,256,256,0,256,64,64,64,64,64,64,0,64,0,0,0,0,0,0,0,0,1,172
1,0.094652,0.094652,0.094652,0.094652,0.094652,0.094652,0,0.094652,0.042087,0.042087,0.042087,0.042087,0.042087,0.042087,0,0.042087,0.084781,0.084781,0.084781,0.084781,0.084781,0.084781,0,0.084781,1,1,1,1,1,1,0,1,256,256,256,256,256,256,0,256,64,64,64,64,64,64,0,64,0,0,0,0,0,0,0,0,1,173
1,0.12025,0.12025,0.12025,0.12025,0.12025,0.12025,0,0.12025,0.086841,0.086841,0.086841,0.086841,0.086841,0.086841,0,0.086841,0.083181,0.083181,0.083181,0.083181,0.083181,0.083181,0,0.083181,1,1,1,1,1,1,0,1,256,256,256,256,256,256,0,256,64,64,64,64,64,64,0,64,0,0,0,0,0,0,0,0,1,174
1,0.11707,0.11707,0.11707,0.11707,0.11707,0.11707,0,0.11707,0.069176,0.069176,0.069176,0.069176,0.069176,0.069176,0,0.069176,-0.094443,-0.094443,-0.094443,-0.094443,-0.094443,-0.094443,0,-0.094443,1,1,1,1,1,1,0,1,256,256,256,256,256,256,0,256,64,64,64,64,64,64,0,64,0,0,0,0,0,0,0,0,1,175
1,0.094798,0.094798,0.094798,0.094798,0.094798,0.094798,0,0.094798,0.016033,0.016033,0.016033,0.016033,0.016033,0.016033,0,0.016033,0.093432,0.093432,0.093432,0.093432,0.093432,0.093432,0,0.093432,1,1,1,1,1,1,0,1,256,256,256,256,256,256,0,256,64,64,64,64,64,64,0,64,0,0,0,0,0,0,0,0,1,176
1,0.11734,0.11734,0.11734,0.11734,0.11734,0.11734,0,0.11734,0.10419,0.10419,0.10419,0.10419,0.10419,0.10419,0,0.10419,0.053962,0.053962,0.053962,0.053962,0.053962,0.053962,0,0.053962,1,1,1,1,1,1,0,1,256,256,256,256,256,256,0,256,64,64,64,64,64,64,0,64,0,0,0,0,0,0,0,0,1,177
1,0.11678,0.11678,0.11678,0.11678,0.11678,0.11678,0,0.11678,0.070659,0.070659,0.070659,0.070659,0.070659,0.070659,0,0.070659,-0.092983,-0.092983,-0.092983,-0.092983,-0.092983,-0.092983,0,-0.092983,1,1,1,1,1,1,0,1,256,256,256,256,256,256,0,256,64,64,64,64,64,64,0,64,0,0,0,0,0,0,0,0,1,178
1,0.11616,0.11616,0.11616,0.11616,0.11616,0.11616,0,0.11616,0.026065,0.026065,0.026065,0.026065,0.026065,0.026065,0,0.026065,0.1132,0.1132,0.1132,0.1132,0.1132,0.1132,0,0.1132,1,1,1,1,1,1,0,1,256,256,256,256,256,256,0,256,64,64,64,64,64,64,0,64,0,0,0,0,0,0,0,0,1,179
1,0.10131,0.10131,0.10131,0.10131,0.10131,0.10131,0,0.10131,0.094056,0.094056,0.094056,0.094056,0.094056,0.094056,0,0.094056,0.037649,0.037649,0.037649,0.037649,0.037649,0.037649,0,0.037649,1,1,1,1,1,1,0,1,256,256,256,256,256,256,0,256,64,64,64,64,64,64,0,64,0,0,0,0,0,0,0,0,1,180
1,0.12164,0.12164,0.12164,0.12164,0.12164,0.12164,0,0.12164,0.065785,0.065785,0.065785,0.065785,0.065785,0.065785,0,0.065785,-0.10232,-0.10232,-0.10232,-0.10232,-0.10232,-0.10232,0,-0.10232,1,1,1,1,1,1,0,1,256,256,256,256,256,256,0,256,64,64,64,64,64,64,0,64,0,0,0,0,0,0,0,0,1,181
1,0.12997,0.12997,0.12997,0.12997,0.12997,0.12997,0,0.12997,0.058109,0.058109,0.058109,0.058109,0.058109,0.058109,0,0.058109,0.11625,0.11625,0.11625,0.11625,0.11625,0.11625,0,0.11625,1,1,1,1,1,1,0,1,256,256,256,256,256,256,0,256,64,64,64,64,64,64,0,64,0,0,0,0,0,0,0,0,1,182
1,0.098757,0.098757,0.098757,0.098757,0.098757,0.098757,0,0.098757,0.098746,0.098746,0.098746,0.098746,0.098746,0.098746,0,0.098746,0.0015176,0.0015176,0.0015176,0.0015176,0.0015176,0.0015176,0,0.0015176,1,1,1,1,1,1,0,1,256,256,256,256,256,256,0,256,64,64,64,64,64,64,0,64,0,0,0,0,0,0,0,0,1,183
1,0.12317,0.12317,0.12317,0.12317,0.12317,0.12317,0,0.12317,0.060346,0.060346,0.060346,0.060346,0.060346,0.060346,0,0.060346,-0.10738,-0.10738,-0.10738,-0.10738,-0.10738,-0.10738,0,-0.10738,1,1,1,1,1,1,0,1,256,256,256,256,256,256,0,256,64,64,64,64,64,64,0,64,0,0,0,0,0,0,0,0,1,184
1,0.12427,0.12427,0.12427,0.12427,0.12427,0.12427,0,0.12427,0.056857,0.056857,0.056857,0.056857,0.056857,0.056857,0,0.056857,0.1105,0.1105,0.1105,0.1105,0.1105,0.1105,0,0.1105,1,1,1,1,1,1,0,1,256,256,256,256,256,256,0,256,64,64,64,64,64,64,0,64,0,0,0,0,0,0,0,0,1,185
1,0.075493,0.075493,0.075493,0.075493,0.075493,0.075493,0,0.075493,0.074235,0.074235,0.074235,0.074235,0.074235,0.074235,0,0.074235,-0.013725,-0.013725,-0.013725,-0.013725,-0.013725,-0.013725,0,-0.013725,1,1,1,1,1,1,0,1,256,256,256,256,256,256,0,256,64,64,64,64,64,64,0,64,0,0,0,0,0,0,0,0,1,186
1,0.13833,0.13833,0.13833,0.13833,0.13833,0.13833,0,0.13833,0.056338,0.056338,0.056338,0.056338,0.056338,0.056338,0,0.056338,-0.12633,-0.12633,-0.12633,-0.12633,-0.12633,-0.12633,0,-0.12633,1,1,1,1,1,1,0,1,256,256,256,256,256,256,0,256,64,64,64,64,64,64,0,64,0,0,0,0,0,0,0,0,1,187
1,0.1289,0.1289,0.1289,0.1289,0.1289,0.1289,0,0.1289,0.072034,0.072034,0.072034,0.072034,0.072034,0.072034,0,0.072034,0.10689,0.10689,0.10689,0.10689,0.10689,0.10689,0,0.10689,1,1,1,1,1,1,0,1,256,256,256,256,256,256,0,256,64,64,64,64,64,64,0,64,0,0,0,0,0,0,0,0,1,188
1,0.056055,0.056055,0.056055,0.056055,0.056055,0.056055,0,0.056055,0.047557,0.047557,0.047557,0.047557,0.047557,0.047557,0,0.047557,-0.029673,-0.029673,-0.029673,-0.029673,-0.029673,-0.029673,0,-0.029673,1,1,1,1,1,1,0,1,256,256,256,256,256,256,0,256,64,64,64,64,64,64,0,64,0,0,0,0,0,0,0,0,1,189
1,0.14693,0.14693,0.14693,0.14693,0.14693,0.14693,0,0.14693,0.071123,0.071123,0.071123,0.071123,0.071123,0.071123,0,0.071123,-0.12857,-0.12857,-0.12857,-0.12857,-0.12857,-0.12857,0,-0.12857,1,1,1,1,1,1,0,1,256,256,256,256,256,256,0,256,64,64,64,64,64,64,0,64,0,0,0,0,0,0,0,0,1,190
1,0.1231,0.1231,0.1231,0.1231,0.1231,0.1231,0,0.1231,0.079388,0.079388,0.079388,0.079388,0.079388,0.079388,0,0.079388,0.094076,0.094076,0.094076,0.094076,0.094076,0.094076,0,0.094076,1,1,1,1,1,1,0,1,256,256,256,256,256,256,0,256,64,64,64,64,64,64,0,64,0,0,0,0,0,0,0,0,1,191
1,0.028588,0.028588,0.028588,0.028588,0.028588,0.028588,0,0.028588,0.0072036,0.0072036,0.0072036,0.0072036,0.0072036,0.0072036,0,0.0072036,-0.027665,-0.027665,-0.027665,-0.027665,-0.027665,-0.027665,0,-0.027665,1,1,1,1,1,1,0,1,256,256,256,256,256,256,0,256,64,64,64,64,64,64,0,64,0,0,0,0,0,0,0,0,1,192
1,0.13993,0.13993,0.13993,0.13993,0.13993,0.13993,0,0.13993,0.059183,0.059183,0.059183,0.059183,0.059183,0.059183,0,0.059183,-0.1268,-0.1268,-0.1268,-0.1268,-0.1268,-0.1268,0,-0.1268,1,1,1,1,1,1,0,1,256,256,256,256,256,256,0,256,64,64,64,64,64,64,0,64,0,0,0,0,0,0,0,0,1,193
1,0.13291,0.13291,0.13291,0.13291,0.13291,0.13291,0,0.13291,0.086085,0.086085,0.086085,0.086085,0.086085,0.086085,0,0.086085,0.10127,0.10127,0.10127,0.10127,0.10127,0.10127,0,0.10127,1,1,1,1,1,1,0,1,256,256,256,256,256,256,0,256,64,64,64,64,64,64,0,64,0,0,0,0,0,0,0,0,1,194
1,0.035408,0.035408,0.035408,0.035408,0.035408,0.035408,0,0.035408,0.033258,0.033258,0.033258,0.033258,0.033258,0.033258,0,0.033258,-0.012151,-0.012151,-0.012151,-0.012151,-0.012151,-0.012151,0,-0.012151,1,1,1,1,1,1,0,1,256,256,256,256,256,256,0,256,64,64,64,64,64,64,0,64,0,0,0,0,0,0,0,0,1,195
1,0.1404,0.1404,0.1404,0.1404,0.1404,0.1404,0,0.1404,0.057083,0.057083,0.057083,0.057083,0.057083,0.057083,0,0.057083,-0.12827,-0.12827,-0.12827,-0.12827,-0.12827,-0.12827,0,-0.12827,1,1,1,1,1,1,0,1,256,256,256,256,256,256,0,256,64,64,64,64,64,64,0,64,0,0,0,0,0,0,0,0,1,196
1,0.12893,0.12893,0.12893,0.12893,0.12893,0.12893,0,0.12893,0.075873,0.075873,0.075873,0.075873,0.075873,0.075873,0,0.075873,0.10424,0.10424,0.10424,0.10424,0.10424,0.10424,0,0.10424,1,1,1,1,1,1,0,1,256,256,256,256,256,256,0,256,64,64,64,64,64,64,0,64,0,0,0,0,0,0,0,0,1,197
1,0.048978,0.048978,0.048978,0.048978,0.048978,0.048978,0,0.048978,0.048973,0.048973,0.048973,0.048973,0.048973,0.048973,0,0.048973,0.00071953,0.00071953,0.00071953,0.00071953,0.00071953,0.00071953,0,0.00071953,1,1,1,1,1,1,0,1,256,256,256,256,256,256,0,256,64,64,64,64,64,64,0,64,0,0,0,0,0,0,0,0,1,198
1,0.12742,0.12742,0.12742,0.12742,0.12742,0.12742,0,0.12742,0.049639,0.049639,0.049639,0.049639,0.049639,0.049639,0,0.049639,-0.11736,-0.11736,-0.11736,-0.11736,-0.11736,-0.11736,0,-0.11736,1,1,1,1,1,1,0,1,256,256,256,256,256,256,0,256,64,64,64,64,64,64,0,64,0,0,0,0,0,0,0,0,1,199
